project_start_date,reporting_construction_type,extended_affordability_status,extremely_low_income_units,very_low_income_units,low_income_units,moderate_income_units,middle_income_units,all_counted_units,total_units,total_adults_in_shelter,total_children_in_shelter,total_individuals_in_shelter,single_adult_men_in_shelter,single_adult_women_in_shelter,total_single_adults_in_shelter,families_with_children_in_shelter,adults_in_families_with_children_in_shelter,children_in_families_with_children_in_shelter,total_individuals_in_families_with_children_in_shelter_,adult_families_in_shelter,individuals_in_adult_families_in_shelter
2014-01-05,0.3333333333333333,0.0,0.0,0.0,0.0,0.0,0.3333333333333333,0.3333333333333333,0.3333333333333333,28964.0,21992.0,50956.0,7343.0,2684.6666666666665,10027.666666666666,10514.333333333334,14963.333333333334,21992.0,36955.333333333336,1874.3333333333333,3973.0
2014-01-12,0.2857142857142857,0.0,0.0,0.0,0.14285714285714285,0.0,0.2857142857142857,0.42857142857142855,0.42857142857142855,29086.14285714286,22071.428571428572,51157.57142857143,7387.714285714285,2719.4285714285716,10107.142857142857,10539.714285714286,15002.857142857143,22071.428571428572,37074.28571428572,1874.142857142857,3976.1428571428573
2014-01-19,0.5714285714285714,0.0,0.0,22.285714285714285,17.571428571428573,0.0,0.42857142857142855,40.857142857142854,40.857142857142854,29179.0,22176.85714285714,51355.857142857145,7375.0,2759.5714285714284,10134.57142857143,10596.714285714286,15075.57142857143,22176.85714285714,37252.42857142857,1873.142857142857,3968.8571428571427
2014-01-26,1.1428571428571428,0.14285714285714285,0.0,0.14285714285714285,26.0,1.4285714285714286,0.14285714285714285,28.142857142857142,28.142857142857142,29497.714285714286,22342.285714285714,51840.0,7505.714285714285,2797.285714285714,10303.0,10672.714285714286,15188.57142857143,22342.285714285714,37530.857142857145,1892.7142857142858,4006.1428571428573
2014-02-02,0.42857142857142855,0.0,0.0,4.0,16.142857142857142,0.0,0.42857142857142855,20.714285714285715,20.714285714285715,29542.85714285714,22475.0,52017.857142857145,7478.857142857143,2775.714285714286,10254.57142857143,10735.857142857143,15287.57142857143,22475.0,37762.57142857143,1891.2857142857142,4000.714285714286
2014-02-09,0.2857142857142857,0.0,1.1428571428571428,0.0,1.8571428571428572,0.0,0.2857142857142857,3.2857142857142856,8.428571428571429,29574.85714285714,22510.0,52084.857142857145,7474.571428571428,2756.1428571428573,10230.714285714286,10751.285714285714,15313.42857142857,22510.0,37823.42857142857,1905.5714285714287,4030.714285714286
2014-02-16,0.2857142857142857,0.14285714285714285,8.0,4.857142857142857,14.285714285714286,0.0,31.714285714285715,59.0,59.0,29674.14285714286,22493.428571428572,52167.57142857143,7560.428571428572,2773.5714285714284,10334.0,10741.714285714286,15308.42857142857,22493.428571428572,37801.857142857145,1904.4285714285713,4031.714285714286
2014-02-23,0.14285714285714285,0.0,0.0,0.0,0.42857142857142855,0.0,0.14285714285714285,0.5714285714285714,0.5714285714285714,29695.0,22511.14285714286,52206.142857142855,7569.571428571428,2765.1428571428573,10334.714285714286,10748.42857142857,15332.142857142857,22511.14285714286,37843.28571428572,1900.7142857142858,4028.1428571428573
2014-03-02,0.7142857142857143,0.0,1.1428571428571428,0.0,2.2857142857142856,0.0,1.1428571428571428,4.714285714285714,9.285714285714286,29678.428571428572,22593.0,52271.42857142857,7561.0,2740.0,10301.0,10765.857142857143,15352.285714285714,22593.0,37945.28571428572,1897.7142857142858,4025.1428571428573
2014-03-09,0.5714285714285714,0.0,0.0,2.2857142857142856,4.285714285714286,9.571428571428571,1.2857142857142858,17.714285714285715,21.142857142857142,29597.166666666668,22541.0,52138.166666666664,7525.166666666667,2719.6666666666665,10244.833333333334,10754.5,15330.0,22541.0,37871.0,1893.3333333333333,4022.3333333333335
2014-03-16,0.5714285714285714,0.0,0.0,0.42857142857142855,4.142857142857143,9.428571428571429,0.2857142857142857,14.428571428571429,17.428571428571427,29606.428571428572,22507.285714285714,52113.71428571428,7551.714285714285,2720.285714285714,10272.0,10766.42857142857,15356.42857142857,22507.285714285714,37863.71428571428,1875.0,3978.0
2014-03-23,0.7142857142857143,0.42857142857142855,0.2857142857142857,0.14285714285714285,9.714285714285714,0.0,0.0,10.285714285714286,10.285714285714286,29716.571428571428,22540.14285714286,52256.71428571428,7600.428571428572,2733.5714285714284,10334.0,10793.857142857143,15410.42857142857,22540.14285714286,37950.57142857143,1875.857142857143,3972.1428571428573
2014-03-30,0.0,0.0,0.0,0.0,2.0,0.0,0.0,2.0,8.857142857142858,29817.0,22573.0,52390.0,7622.428571428572,2759.4285714285716,10381.857142857143,10823.714285714286,15468.857142857143,22573.0,38041.857142857145,1876.2857142857142,3966.285714285714
2014-04-06,0.8571428571428571,0.2857142857142857,0.0,0.0,4.428571428571429,0.5714285714285714,0.2857142857142857,5.285714285714286,5.285714285714286,29969.571428571428,23070.85714285714,53040.42857142857,7539.285714285715,2707.1428571428573,10246.42857142857,10984.857142857143,15747.857142857143,23070.85714285714,38818.71428571428,1881.2857142857142,3975.285714285714
2014-04-13,0.42857142857142855,0.0,0.2857142857142857,0.0,1.4285714285714286,0.0,0.14285714285714285,1.8571428571428572,1.8571428571428572,29857.85714285714,22636.0,52493.857142857145,7554.857142857143,2732.1428571428573,10287.0,10888.285714285714,15572.714285714286,22636.0,38208.71428571428,1892.5714285714287,3998.1428571428573
2014-04-20,0.0,0.0,0.0,0.14285714285714285,0.42857142857142855,0.0,0.0,0.5714285714285714,0.5714285714285714,29926.14285714286,22577.428571428572,52503.57142857143,7641.142857142857,2752.0,10393.142857142857,10880.142857142857,15546.0,22577.428571428572,38123.42857142857,1889.5714285714287,3987.0
2014-04-27,0.42857142857142855,0.0,0.0,0.0,0.5714285714285714,0.0,0.42857142857142855,1.0,1.0,29977.85714285714,22619.14285714286,52597.0,7700.428571428572,2769.8571428571427,10470.285714285714,10900.0,15570.42857142857,22619.14285714286,38189.57142857143,1870.2857142857142,3937.1428571428573
2014-05-04,0.2857142857142857,0.0,0.0,0.0,0.42857142857142855,0.0,0.14285714285714285,0.5714285714285714,0.5714285714285714,30021.14285714286,22679.428571428572,52700.57142857143,7647.285714285715,2762.285714285714,10409.57142857143,10958.57142857143,15657.0,22679.428571428572,38336.42857142857,1878.2857142857142,3954.5714285714284
2014-05-11,0.42857142857142855,0.14285714285714285,0.0,0.14285714285714285,16.0,3.7142857142857144,0.0,20.0,20.0,30120.0,22761.428571428572,52881.42857142857,7612.714285714285,2752.285714285714,10365.0,11016.714285714286,15752.285714285714,22761.428571428572,38513.71428571428,1900.142857142857,4002.714285714286
2014-05-18,0.5714285714285714,0.0,0.0,0.0,14.0,0.0,0.42857142857142855,14.428571428571429,14.428571428571429,30298.0,22899.428571428572,53197.42857142857,7626.0,2787.714285714286,10413.714285714286,11086.285714285714,15853.57142857143,22899.428571428572,38753.0,1915.2857142857142,4030.714285714286
2014-05-25,0.2857142857142857,0.0,0.0,0.14285714285714285,0.42857142857142855,0.0,0.2857142857142857,0.8571428571428571,1.7142857142857142,30333.14285714286,23002.285714285714,53335.42857142857,7579.714285714285,2801.4285714285716,10381.142857142857,11143.0,15937.142857142857,23002.285714285714,38939.42857142857,1910.0,4014.8571428571427
2014-06-01,0.7142857142857143,0.14285714285714285,2.4285714285714284,4.142857142857143,2.5714285714285716,0.0,0.14285714285714285,9.428571428571429,9.428571428571429,30291.285714285714,22999.428571428572,53290.71428571428,7573.428571428572,2792.5714285714284,10366.0,11144.285714285714,15935.285714285714,22999.428571428572,38934.71428571428,1899.857142857143,3990.0
2014-06-08,0.42857142857142855,0.14285714285714285,5.714285714285714,3.142857142857143,11.0,0.0,14.714285714285714,34.857142857142854,34.857142857142854,30318.14285714286,23046.85714285714,53365.0,7543.0,2783.1428571428573,10326.142857142857,11164.285714285714,15959.857142857143,23046.85714285714,39006.71428571428,1917.7142857142858,4032.1428571428573
2014-06-15,1.2857142857142858,0.2857142857142857,5.714285714285714,23.142857142857142,7.0,0.0,0.0,35.857142857142854,35.857142857142854,30419.14285714286,23137.428571428572,53556.57142857143,7557.571428571428,2811.0,10368.57142857143,11200.42857142857,16015.714285714286,23137.428571428572,39153.142857142855,1920.5714285714287,4034.8571428571427
2014-06-22,9.0,0.5714285714285714,0.0,5.428571428571429,96.0,6.571428571428571,3.857142857142857,112.71428571428571,198.57142857142858,30527.285714285714,23237.285714285714,53764.57142857143,7575.714285714285,2813.4285714285716,10389.142857142857,11255.285714285714,16090.42857142857,23237.285714285714,39327.71428571428,1923.7142857142858,4047.714285714286
2014-06-29,11.142857142857142,1.5714285714285714,104.14285714285714,81.28571428571429,430.7142857142857,11.142857142857142,70.42857142857143,701.8571428571429,793.2857142857143,30556.666666666668,23285.333333333332,53842.0,7529.0,2818.6666666666665,10347.666666666666,11282.333333333334,16154.666666666666,23285.333333333332,39440.0,1926.3333333333333,4054.3333333333335
2014-07-06,1.8571428571428572,0.2857142857142857,2.857142857142857,47.42857142857143,134.28571428571428,8.428571428571429,0.0,194.14285714285714,225.57142857142858,30479.285714285714,23260.714285714286,53740.0,7509.428571428572,2803.714285714286,10313.142857142857,11263.714285714286,16124.857142857143,23260.714285714286,39385.57142857143,1920.5714285714287,4041.285714285714
2014-07-13,0.2857142857142857,0.0,0.0,2.142857142857143,7.0,0.0,2.4285714285714284,11.714285714285714,11.714285714285714,30712.14285714286,23395.428571428572,54107.57142857143,7583.142857142857,2831.714285714286,10414.857142857143,11329.0,16227.857142857143,23395.428571428572,39623.28571428572,1932.857142857143,4069.4285714285716
2014-07-20,0.7142857142857143,0.0,0.0,0.0,0.14285714285714285,0.0,0.7142857142857143,0.8571428571428571,0.8571428571428571,30952.0,23488.571428571428,54440.57142857143,7648.142857142857,2882.5714285714284,10530.714285714286,11376.857142857143,16302.857142857143,23488.571428571428,39791.42857142857,1955.0,4118.428571428572
2014-07-27,0.14285714285714285,0.0,0.0,0.0,0.14285714285714285,0.0,0.14285714285714285,0.2857142857142857,0.2857142857142857,31085.428571428572,23522.0,54607.42857142857,7656.428571428572,2909.1428571428573,10565.57142857143,11415.42857142857,16358.857142857143,23521.571428571428,39880.42857142857,1978.142857142857,4161.428571428572
2014-08-03,0.42857142857142855,0.0,1.1428571428571428,0.14285714285714285,41.0,0.0,0.14285714285714285,42.57142857142857,176.85714285714286,31057.85714285714,23624.14285714286,54682.0,7577.714285714285,2918.1428571428573,10495.857142857143,11437.285714285714,16405.85714285714,23622.85714285714,40028.71428571428,1975.0,4157.0
2014-08-10,0.8571428571428571,0.0,4.714285714285714,0.0,0.2857142857142857,0.2857142857142857,0.42857142857142855,5.714285714285714,5.714285714285714,31103.714285714286,23635.85714285714,54739.57142857143,7569.428571428572,2935.4285714285716,10504.857142857143,11436.857142857143,16402.428571428572,23635.85714285714,40038.28571428572,1995.5714285714287,4196.428571428572
2014-08-17,0.42857142857142855,0.0,0.0,0.14285714285714285,1.1428571428571428,0.14285714285714285,0.2857142857142857,1.7142857142857142,5.428571428571429,31173.14285714286,23609.285714285714,54782.42857142857,7614.0,2957.4285714285716,10571.42857142857,11422.714285714286,16392.571428571428,23609.285714285714,40001.857142857145,2003.142857142857,4209.142857142857
2014-08-24,0.2857142857142857,0.0,8.714285714285714,0.0,17.0,0.0,0.14285714285714285,26.142857142857142,91.14285714285714,31277.714285714286,23667.714285714286,54945.42857142857,7638.714285714285,2971.8571428571427,10610.57142857143,11451.142857142857,16435.85714285714,23667.714285714286,40103.57142857143,2013.857142857143,4231.285714285715
2014-08-31,0.42857142857142855,0.0,0.0,0.0,12.714285714285714,0.0,0.42857142857142855,13.142857142857142,62.142857142857146,31266.714285714286,23725.714285714286,54992.42857142857,7626.285714285715,2974.285714285714,10600.57142857143,11452.42857142857,16429.285714285714,23725.714285714286,40155.0,2016.4285714285713,4236.857142857143
2014-09-07,1.0,0.0,0.0,0.0,0.2857142857142857,0.8571428571428571,0.5714285714285714,1.7142857142857142,1.7142857142857142,31374.428571428572,23872.571428571428,55247.0,7646.142857142857,2977.1428571428573,10623.285714285714,11493.142857142857,16486.14285714286,23872.571428571428,40358.71428571428,2027.857142857143,4265.0
2014-09-14,3.142857142857143,2.5714285714285716,1.1428571428571428,6.0,18.285714285714285,0.0,0.5714285714285714,26.571428571428573,26.571428571428573,31679.0,24072.0,55751.0,7720.142857142857,3012.8571428571427,10733.0,11581.857142857143,16623.0,24072.0,40695.0,2056.714285714286,4323.0
2014-09-21,0.5714285714285714,0.0,5.571428571428571,0.0,11.857142857142858,0.0,0.2857142857142857,17.714285714285715,22.571428571428573,31914.428571428572,24188.14285714286,56102.57142857143,7783.571428571428,3028.8571428571427,10812.42857142857,11648.142857142857,16718.714285714286,24188.14285714286,40906.857142857145,2085.5714285714284,4383.285714285715
2014-09-28,0.5714285714285714,0.0,0.0,0.0,0.42857142857142855,0.0,49.285714285714285,49.714285714285715,49.714285714285715,31992.0,24262.0,56254.0,7786.0,3038.714285714286,10824.714285714286,11696.57142857143,16775.14285714286,24262.0,41037.142857142855,2090.4285714285716,4392.142857142857
2014-10-05,0.5714285714285714,0.0,0.0,0.0,12.0,0.14285714285714285,0.2857142857142857,12.571428571428571,12.571428571428571,32049.333333333332,24377.0,56426.333333333336,7773.0,3029.3333333333335,10802.333333333334,11765.333333333334,16871.666666666668,24377.0,41248.666666666664,2082.3333333333335,4375.333333333333
2014-10-12,0.2857142857142857,0.0,0.0,0.0,3.142857142857143,0.2857142857142857,0.14285714285714285,3.5714285714285716,14.428571428571429,32257.666666666668,24537.0,56794.666666666664,7819.666666666667,3052.6666666666665,10872.333333333334,11833.333333333334,16968.666666666668,24537.0,41505.666666666664,2102.3333333333335,4416.666666666667
2014-10-19,0.0,0.0,0.0,20.285714285714285,1.5714285714285714,0.0,0.0,22.0,106.71428571428571,32427.2,24670.4,57097.6,7875.8,3069.0,10944.8,11895.4,17038.8,24670.4,41709.2,2114.6,4443.6
2014-10-26,0.2857142857142857,0.0,0.0,0.14285714285714285,3.7142857142857144,0.2857142857142857,0.14285714285714285,4.285714285714286,14.857142857142858,32595.571428571428,24796.285714285714,57391.857142857145,7949.285714285715,3099.1428571428573,11048.42857142857,11953.57142857143,17115.285714285714,24796.285714285714,41911.57142857143,2107.285714285714,4431.857142857143
2014-11-02,2.0,0.8571428571428571,42.57142857142857,25.571428571428573,38.714285714285715,7.428571428571429,0.5714285714285714,115.85714285714286,225.85714285714286,32651.85714285714,24894.14285714286,57546.0,7923.142857142857,3112.8571428571427,11036.0,12005.142857142857,17182.85714285714,24894.14285714286,42077.0,2102.8571428571427,4433.0
2014-11-09,0.42857142857142855,0.14285714285714285,0.0,0.0,10.142857142857142,0.0,0.14285714285714285,10.428571428571429,10.428571428571429,32790.42857142857,24966.14285714286,57756.57142857143,7956.714285714285,3100.714285714286,11057.42857142857,12063.285714285714,17263.428571428572,24966.14285714286,42229.57142857143,2118.285714285714,4469.571428571428
2014-11-16,0.42857142857142855,0.14285714285714285,4.285714285714286,0.14285714285714285,15.571428571428571,0.0,0.14285714285714285,20.285714285714285,20.285714285714285,33032.57142857143,25129.14285714286,58161.71428571428,8018.0,3129.714285714286,11147.714285714286,12140.857142857143,17384.428571428572,25129.14285714286,42513.57142857143,2132.5714285714284,4500.428571428572
2014-11-23,0.14285714285714285,0.0,0.2857142857142857,0.0,0.5714285714285714,0.0,0.0,0.8571428571428571,1.7142857142857142,33253.57142857143,25208.714285714286,58462.28571428572,8082.142857142857,3183.8571428571427,11266.0,12213.57142857143,17484.285714285714,25208.714285714286,42693.0,2136.1428571428573,4503.285714285715
2014-11-30,0.8571428571428571,0.14285714285714285,0.0,0.0,64.14285714285714,6.714285714285714,12.857142857142858,84.14285714285714,181.0,33257.42857142857,25255.428571428572,58512.857142857145,8069.857142857143,3157.0,11226.857142857143,12250.0,17529.85714285714,25255.428571428572,42785.28571428572,2134.4285714285716,4500.714285714285
2014-12-07,3.4285714285714284,0.0,0.0,0.14285714285714285,44.42857142857143,24.571428571428573,0.2857142857142857,70.71428571428571,120.85714285714286,33354.0,25309.14285714286,58663.142857142855,8108.285714285715,3169.8571428571427,11278.142857142857,12264.714285714286,17566.285714285714,25309.14285714286,42875.42857142857,2140.4285714285716,4509.571428571428
2014-12-14,0.2857142857142857,0.0,0.0,2.142857142857143,49.714285714285715,4.142857142857143,25.857142857142858,82.14285714285714,178.14285714285714,33494.57142857143,25440.428571428572,58935.0,8126.571428571428,3180.285714285714,11306.857142857143,12341.714285714286,17674.14285714286,25440.428571428572,43114.57142857143,2142.8571428571427,4513.571428571428
2014-12-21,11.857142857142858,0.0,139.14285714285714,18.571428571428573,209.57142857142858,14.285714285714286,6.142857142857143,390.57142857142856,499.2857142857143,33552.857142857145,25418.85714285714,58971.71428571428,8197.714285714286,3169.0,11366.714285714286,12337.57142857143,17700.0,25418.85714285714,43118.857142857145,2129.0,4486.142857142857
2014-12-28,1.5714285714285714,0.14285714285714285,30.714285714285715,36.857142857142854,169.57142857142858,0.0,3.142857142857143,241.14285714285714,241.14285714285714,33366.42857142857,25248.285714285714,58614.71428571428,8153.571428571428,3127.714285714286,11281.285714285714,12254.285714285714,17603.714285714286,25248.285714285714,42852.0,2126.5714285714284,4481.428571428572
2015-01-04,0.5714285714285714,0.42857142857142855,26.857142857142858,34.857142857142854,153.71428571428572,0.0,0.0,216.14285714285714,339.7142857142857,33198.42857142857,25032.428571428572,58230.857142857145,8142.857142857143,3114.1428571428573,11257.0,12148.57142857143,17470.0,25032.428571428572,42502.42857142857,2122.8571428571427,4471.428571428572
2015-01-11,0.42857142857142855,0.0,0.0,9.428571428571429,0.7142857142857143,0.0,0.2857142857142857,10.571428571428571,10.571428571428571,33453.857142857145,25009.571428571428,58463.42857142857,8268.285714285714,3172.0,11440.285714285714,12151.285714285714,17481.714285714286,25009.571428571428,42491.28571428572,2152.0,4531.857142857143
2015-01-18,0.2857142857142857,0.0,0.2857142857142857,0.0,0.14285714285714285,0.0,0.0,0.42857142857142855,0.42857142857142855,33613.57142857143,25010.14285714286,58623.71428571428,8353.42857142857,3174.285714285714,11527.714285714286,12166.285714285714,17508.714285714286,25010.14285714286,42518.857142857145,2171.714285714286,4577.142857142857
2015-01-25,0.0,0.0,0.0,0.0,0.7142857142857143,0.0,0.0,0.7142857142857143,1.4285714285714286,33673.42857142857,24947.85714285714,58621.28571428572,8446.285714285714,3176.5714285714284,11622.857142857143,12147.142857142857,17478.85714285714,24947.85714285714,42426.71428571428,2168.4285714285716,4571.714285714285
2015-02-01,0.14285714285714285,0.0,0.0,0.0,0.2857142857142857,0.0,0.14285714285714285,0.42857142857142855,0.42857142857142855,33682.28571428572,24899.0,58581.28571428572,8499.57142857143,3178.714285714286,11678.285714285714,12116.142857142857,17442.85714285714,24899.0,42341.857142857145,2167.1428571428573,4561.142857142857
2015-02-08,0.42857142857142855,0.14285714285714285,0.14285714285714285,7.0,18.285714285714285,0.0,0.0,25.428571428571427,25.428571428571427,33650.166666666664,24759.666666666668,58409.833333333336,8515.666666666666,3175.5,11691.166666666666,12052.833333333334,17389.0,24759.666666666668,42148.666666666664,2173.5,4570.0
2015-02-15,0.14285714285714285,0.14285714285714285,0.0,0.0,0.5714285714285714,5.571428571428571,12.714285714285714,19.0,38.857142857142854,33646.666666666664,24588.833333333332,58235.5,8583.5,3178.6666666666665,11762.166666666666,11979.0,17310.166666666668,24588.833333333332,41899.0,2173.3333333333335,4574.333333333333
2015-02-22,0.0,0.0,0.0,0.0,0.14285714285714285,0.0,0.0,0.14285714285714285,0.14285714285714285,33705.71428571428,24531.428571428572,58237.142857142855,8644.857142857143,3195.1428571428573,11840.0,11965.57142857143,17280.0,24531.428571428572,41811.42857142857,2178.1428571428573,4585.714285714285
2015-03-01,2.4285714285714284,0.0,6.142857142857143,4.571428571428571,33.285714285714285,0.14285714285714285,0.8571428571428571,45.57142857142857,64.14285714285714,33584.857142857145,24415.14285714286,58000.0,8656.0,3192.4285714285716,11848.42857142857,11905.857142857143,17181.14285714286,24415.14285714286,41596.28571428572,2162.8571428571427,4555.285714285715
2015-03-08,0.14285714285714285,0.0,0.0,0.0,9.142857142857142,0.42857142857142855,0.0,9.714285714285714,35.285714285714285,33567.857142857145,24333.428571428572,57901.28571428572,8649.857142857143,3192.714285714286,11842.57142857143,11885.285714285714,17166.571428571428,24333.428571428572,41500.0,2165.4285714285716,4558.714285714285
2015-03-15,0.0,0.0,0.0,0.14285714285714285,0.2857142857142857,0.0,0.0,0.42857142857142855,0.42857142857142855,33541.25,24310.25,57851.5,8634.25,3198.5,11832.75,11883.0,17160.5,24310.25,41470.75,2161.0,4548.0
2015-03-22,0.0,0.0,0.0,0.0,0.5714285714285714,0.0,0.0,0.5714285714285714,1.4285714285714286,33528.0,24140.14285714286,57668.142857142855,8656.42857142857,3204.8571428571427,11861.285714285714,11845.57142857143,17106.428571428572,24140.14285714286,41246.57142857143,2165.8571428571427,4560.285714285715
2015-03-29,0.0,0.0,8.571428571428571,0.0,32.57142857142857,0.0,0.0,41.142857142857146,169.14285714285714,33456.142857142855,23964.428571428572,57420.57142857143,8662.0,3218.4285714285716,11880.42857142857,11781.857142857143,17008.714285714286,23964.428571428572,40973.142857142855,2171.1428571428573,4567.0
2015-04-05,0.0,0.0,0.0,0.14285714285714285,6.142857142857143,0.0,0.0,6.285714285714286,72.14285714285714,33288.0,23833.571428571428,57121.57142857143,8593.714285714286,3195.0,11788.714285714286,11755.42857142857,16937.571428571428,23833.571428571428,40771.142857142855,2170.1428571428573,4561.714285714285
2015-04-12,0.0,0.0,0.0,0.0,2.4285714285714284,0.0,0.0,2.4285714285714284,5.142857142857143,33319.42857142857,23768.285714285714,57087.71428571428,8666.285714285714,3203.714285714286,11870.0,11759.142857142857,16920.14285714286,23768.285714285714,40688.42857142857,2154.714285714286,4529.285714285715
2015-04-19,0.0,0.0,0.0,0.0,5.571428571428571,0.0,0.0,5.571428571428571,5.571428571428571,33284.142857142855,23746.85714285714,57031.0,8647.42857142857,3222.0,11869.42857142857,11760.142857142857,16914.285714285714,23746.85714285714,40661.142857142855,2143.1428571428573,4500.428571428572
2015-04-26,0.2857142857142857,0.14285714285714285,0.0,3.5714285714285716,3.2857142857142856,0.0,0.0,6.857142857142857,6.857142857142857,33256.0,23627.333333333332,56883.333333333336,8650.166666666666,3233.1666666666665,11883.333333333334,11733.0,16872.0,23627.333333333332,40499.333333333336,2144.0,4500.666666666667
2015-05-03,0.2857142857142857,0.0,0.0,7.428571428571429,5.571428571428571,2.142857142857143,0.0,15.285714285714286,28.571428571428573,33119.857142857145,23600.0,56719.857142857145,8554.57142857143,3232.285714285714,11786.857142857143,11729.285714285714,16861.428571428572,23600.0,40461.42857142857,2128.1428571428573,4471.571428571428
2015-05-10,0.8571428571428571,0.0,1.4285714285714286,7.142857142857143,82.42857142857143,8.857142857142858,16.571428571428573,116.71428571428571,227.14285714285714,33123.28571428572,23557.714285714286,56681.0,8562.0,3214.285714285714,11776.285714285714,11714.714285714286,16838.14285714286,23557.714285714286,40395.857142857145,2144.4285714285716,4508.857142857143
2015-05-17,0.42857142857142855,0.0,0.0,1.5714285714285714,59.285714285714285,5.714285714285714,0.8571428571428571,67.57142857142857,131.42857142857142,33182.5,23506.0,56688.5,8613.25,3238.25,11851.5,11707.25,16820.75,23506.0,40326.75,2147.75,4510.25
2015-05-24,0.2857142857142857,0.0,0.0,16.285714285714285,13.571428571428571,1.2857142857142858,3.142857142857143,34.42857142857143,91.85714285714286,33245.0,23482.333333333332,56727.333333333336,8624.666666666666,3242.3333333333335,11867.0,11734.333333333334,16856.333333333332,23482.333333333332,40338.666666666664,2152.6666666666665,4521.666666666667
2015-05-31,0.14285714285714285,0.0,0.0,0.0,0.2857142857142857,0.0,0.0,0.2857142857142857,0.2857142857142857,33153.28571428572,23357.85714285714,56511.142857142855,8627.57142857143,3229.714285714286,11857.285714285714,11702.42857142857,16782.0,23357.85714285714,40139.857142857145,2149.1428571428573,4514.0
2015-06-07,0.5714285714285714,0.42857142857142855,12.714285714285714,5.714285714285714,28.857142857142858,0.14285714285714285,4.714285714285714,52.142857142857146,135.0,33148.28571428572,23302.428571428572,56450.71428571428,8637.142857142857,3248.5714285714284,11885.714285714286,11700.42857142857,16756.0,23302.428571428572,40058.42857142857,2145.5714285714284,4506.571428571428
2015-06-14,1.4285714285714286,0.0,0.0,4.857142857142857,117.14285714285714,1.0,8.0,131.57142857142858,177.0,33072.142857142855,23228.85714285714,56301.0,8609.857142857143,3269.0,11878.857142857143,11690.857142857143,16698.85714285714,23228.85714285714,39927.71428571428,2138.285714285714,4494.428571428572
2015-06-21,1.8571428571428572,1.0,7.285714285714286,39.714285714285715,30.714285714285715,2.7142857142857144,31.285714285714285,112.14285714285714,112.14285714285714,33050.42857142857,23118.0,56168.42857142857,8654.57142857143,3289.4285714285716,11944.0,11654.285714285714,16639.14285714286,23118.0,39757.142857142855,2126.285714285714,4467.285714285715
2015-06-28,16.428571428571427,0.14285714285714285,59.142857142857146,28.714285714285715,186.42857142857142,93.85714285714286,0.0,370.7142857142857,376.42857142857144,33038.857142857145,23020.85714285714,56059.71428571428,8675.42857142857,3308.4285714285716,11983.857142857143,11616.42857142857,16580.285714285714,23020.85714285714,39601.142857142855,2131.285714285714,4474.714285714285
2015-07-05,6.285714285714286,2.2857142857142856,49.0,86.28571428571429,224.28571428571428,18.142857142857142,11.714285714285714,391.85714285714283,421.14285714285717,32900.0,22908.166666666668,55808.166666666664,8599.0,3294.5,11893.5,11590.833333333334,16540.833333333332,22908.166666666668,39449.0,2128.8333333333335,4465.666666666667
2015-07-12,0.0,0.0,0.0,0.0,0.14285714285714285,0.0,0.0,0.14285714285714285,0.14285714285714285,32978.142857142855,22872.714285714286,55850.857142857145,8625.57142857143,3327.8571428571427,11953.42857142857,11603.142857142857,16557.714285714286,22872.714285714286,39430.42857142857,2131.1428571428573,4467.0
2015-07-19,1.4285714285714286,0.0,0.0,6.857142857142857,55.57142857142857,0.0,0.0,62.857142857142854,174.14285714285714,33067.0,22995.285714285714,56062.28571428572,8636.0,3346.0,11982.0,11653.285714285714,16615.14285714286,22995.285714285714,39610.42857142857,2131.4285714285716,4469.857142857143
2015-07-26,0.14285714285714285,0.0,0.0,0.14285714285714285,0.2857142857142857,0.2857142857142857,0.0,0.7142857142857143,0.7142857142857143,33028.142857142855,22986.85714285714,56015.0,8632.0,3376.5714285714284,12008.57142857143,11638.57142857143,16601.14285714286,22986.85714285714,39588.0,2106.5714285714284,4418.428571428572
2015-08-02,0.14285714285714285,0.0,0.0,0.0,0.8571428571428571,0.0,0.0,0.8571428571428571,0.8571428571428571,33055.71428571428,23020.85714285714,56076.57142857143,8624.42857142857,3379.1428571428573,12003.57142857143,11655.857142857143,16636.0,23020.85714285714,39656.857142857145,2106.0,4416.142857142857
2015-08-09,0.2857142857142857,0.0,0.0,0.0,31.714285714285715,0.0,0.0,31.714285714285715,31.857142857142858,33134.857142857145,23036.285714285714,56171.142857142855,8632.142857142857,3395.1428571428573,12027.285714285714,11697.42857142857,16668.714285714286,23036.285714285714,39705.0,2113.5714285714284,4438.857142857143
2015-08-16,0.14285714285714285,0.0,5.0,5.428571428571429,13.285714285714286,0.0,1.8571428571428572,25.714285714285715,52.57142857142857,33317.71428571428,23188.0,56505.71428571428,8668.57142857143,3437.5714285714284,12106.142857142857,11753.714285714286,16734.714285714286,23188.0,39922.71428571428,2131.0,4476.857142857143
2015-08-23,0.0,0.0,1.1428571428571428,4.285714285714286,5.714285714285714,0.0,0.0,11.285714285714286,12.142857142857142,33331.142857142855,23268.85714285714,56600.0,8658.285714285714,3452.285714285714,12110.57142857143,11775.714285714286,16753.0,23268.85714285714,40021.857142857145,2129.4285714285716,4467.571428571428
2015-08-30,0.14285714285714285,0.0,0.0,0.5714285714285714,0.14285714285714285,0.0,0.0,0.7142857142857143,0.7142857142857143,33377.57142857143,23291.714285714286,56669.28571428572,8665.0,3462.1428571428573,12127.142857142857,11795.714285714286,16786.85714285714,23291.714285714286,40078.57142857143,2131.285714285714,4463.571428571428
2015-09-06,0.0,0.0,0.0,0.0,6.571428571428571,0.0,0.0,6.571428571428571,32.0,33383.142857142855,23332.571428571428,56715.71428571428,8666.714285714286,3445.8571428571427,12112.57142857143,11832.0,16806.14285714286,23332.571428571428,40138.71428571428,2129.4285714285716,4464.428571428572
2015-09-13,0.14285714285714285,0.0,0.0,0.8571428571428571,2.4285714285714284,0.8571428571428571,0.0,4.285714285714286,4.285714285714286,33581.0,23433.14285714286,57014.142857142855,8726.857142857143,3476.714285714286,12203.57142857143,11919.285714285714,16906.428571428572,23433.14285714286,40339.57142857143,2131.8571428571427,4471.0
2015-09-20,0.14285714285714285,0.0,0.0,0.14285714285714285,4.714285714285714,0.5714285714285714,0.0,5.571428571428571,16.0,33696.28571428572,23474.285714285714,57170.57142857143,8771.714285714286,3507.0,12278.714285714286,11933.42857142857,16934.428571428572,23474.285714285714,40408.71428571428,2137.8571428571427,4483.142857142857
2015-09-27,0.0,0.0,0.0,0.0,0.0,0.0,0.0,0.0,0.0,33761.0,23429.14285714286,57190.142857142855,8815.285714285714,3517.8571428571427,12333.142857142857,11930.0,16916.85714285714,23429.14285714286,40346.0,2153.5714285714284,4511.0
2015-10-04,0.5714285714285714,0.0,0.0,0.2857142857142857,4.285714285714286,0.42857142857142855,0.0,5.0,5.0,33822.142857142855,23431.714285714286,57253.857142857145,8824.142857142857,3527.1428571428573,12351.285714285714,11958.57142857143,16942.14285714286,23431.714285714286,40373.857142857145,2162.0,4528.714285714285
2015-10-11,2.0,0.0,0.0,4.428571428571429,26.857142857142858,0.2857142857142857,0.0,32.285714285714285,38.714285714285715,33837.57142857143,23377.428571428572,57215.0,8851.0,3537.1428571428573,12388.142857142857,11947.857142857143,16928.85714285714,23377.428571428572,40306.28571428572,2159.285714285714,4520.571428571428
2015-10-18,0.5714285714285714,0.0,0.0,2.5714285714285716,13.0,0.0,5.428571428571429,21.428571428571427,22.0,33973.71428571428,23383.0,57356.71428571428,8909.714285714286,3569.4285714285716,12479.142857142857,11982.285714285714,16956.428571428572,23383.0,40339.42857142857,2167.0,4538.142857142857
2015-10-25,0.14285714285714285,0.0,0.0,0.14285714285714285,3.857142857142857,0.0,0.0,4.0,16.571428571428573,34056.28571428572,23375.285714285714,57431.57142857143,8976.42857142857,3574.4285714285716,12550.857142857143,11988.0,16961.285714285714,23375.285714285714,40336.57142857143,2170.714285714286,4544.142857142857
2015-11-01,10.714285714285714,0.0,12.285714285714286,40.285714285714285,9.857142857142858,0.0,0.0,62.714285714285715,81.85714285714286,34088.28571428572,23388.85714285714,57477.142857142855,9015.57142857143,3566.1428571428573,12581.714285714286,11993.0,16965.285714285714,23388.85714285714,40354.142857142855,2171.1428571428573,4541.285714285715
2015-11-08,0.14285714285714285,0.0,4.857142857142857,0.0,0.2857142857142857,0.0,0.0,5.285714285714286,5.285714285714286,34094.333333333336,23376.0,57470.333333333336,9025.666666666666,3558.5,12584.166666666666,12012.0,16975.833333333332,23376.0,40351.833333333336,2164.3333333333335,4534.333333333333
2015-11-15,0.0,0.0,0.0,0.14285714285714285,3.5714285714285716,0.0,0.0,3.7142857142857144,15.571428571428571,34294.0,23453.714285714286,57747.71428571428,9106.857142857143,3585.5714285714284,12692.42857142857,12083.0,17045.0,23453.714285714286,40498.71428571428,2176.714285714286,4556.571428571428
2015-11-22,1.5714285714285714,0.0,19.714285714285715,3.2857142857142856,23.0,0.0,2.4285714285714284,48.57142857142857,48.57142857142857,34385.57142857143,23494.0,57879.57142857143,9138.0,3600.5714285714284,12738.57142857143,12112.714285714286,17083.85714285714,23494.0,40577.857142857145,2179.5714285714284,4563.142857142857
2015-11-29,0.0,0.0,6.857142857142857,6.142857142857143,20.571428571428573,1.5714285714285714,0.0,35.42857142857143,41.714285714285715,34435.28571428572,23516.714285714286,57952.0,9151.714285714286,3572.0,12723.714285714286,12156.142857142857,17143.0,23516.714285714286,40659.71428571428,2180.5714285714284,4568.571428571428
2015-12-06,0.5714285714285714,0.0,0.42857142857142855,25.428571428571427,23.857142857142858,0.5714285714285714,0.0,50.285714285714285,101.42857142857143,34367.142857142855,23405.85714285714,57773.0,9154.714285714286,3577.4285714285716,12732.142857142857,12108.714285714286,17053.285714285714,23405.85714285714,40459.142857142855,2184.1428571428573,4581.714285714285
2015-12-13,0.0,0.0,0.0,2.857142857142857,11.571428571428571,0.0,0.0,14.571428571428571,14.571428571428571,34523.42857142857,23426.85714285714,57950.28571428572,9231.42857142857,3602.5714285714284,12834.0,12155.285714285714,17094.285714285714,23426.85714285714,40521.142857142855,2190.285714285714,4595.142857142857
2015-12-20,8.714285714285714,8.0,6.714285714285714,9.285714285714286,108.0,0.0,643.5714285714286,767.8571428571429,767.8571428571429,34539.857142857145,23419.14285714286,57959.0,9228.57142857143,3611.285714285714,12839.857142857143,12161.142857142857,17090.14285714286,23419.14285714286,40509.28571428572,2195.285714285714,4609.857142857143
2015-12-27,0.5714285714285714,0.0,18.714285714285715,5.428571428571429,37.285714285714285,45.142857142857146,0.0,107.28571428571429,107.28571428571429,34417.42857142857,23400.428571428572,57817.857142857145,9176.42857142857,3582.4285714285716,12758.857142857143,12150.142857142857,17072.14285714286,23400.428571428572,40472.57142857143,2183.0,4586.428571428572
2016-01-03,9.0,0.14285714285714285,49.857142857142854,36.857142857142854,100.0,52.857142857142854,9.571428571428571,250.28571428571428,271.14285714285717,34372.57142857143,23353.285714285714,57725.857142857145,9178.285714285714,3527.285714285714,12705.57142857143,12137.714285714286,17052.428571428572,23353.285714285714,40405.71428571428,2196.714285714286,4614.571428571428
2016-01-10,1.1428571428571428,1.0,0.14285714285714285,0.0,94.42857142857143,0.0,46.42857142857143,141.14285714285714,181.85714285714286,34643.142857142855,23381.14285714286,58024.28571428572,9319.857142857143,3611.4285714285716,12931.285714285714,12172.857142857143,17083.571428571428,23381.14285714286,40464.71428571428,2201.285714285714,4628.285714285715
2016-01-17,0.2857142857142857,0.0,0.0,0.0,3.2857142857142856,0.14285714285714285,0.0,3.4285714285714284,14.0,34778.142857142855,23439.571428571428,58217.71428571428,9324.857142857143,3637.285714285714,12962.142857142857,12244.714285714286,17152.0,23439.571428571428,40591.57142857143,2220.285714285714,4664.0
2016-01-24,0.2857142857142857,0.0,0.0,0.0,1.2857142857142858,0.0,0.0,1.2857142857142858,1.2857142857142858,34847.42857142857,23430.285714285714,58277.71428571428,9348.857142857143,3636.5714285714284,12985.42857142857,12273.57142857143,17177.0,23430.285714285714,40607.28571428572,2232.1428571428573,4685.0
2016-01-31,1.0,0.2857142857142857,0.0,12.428571428571429,79.57142857142857,103.0,0.0,195.57142857142858,213.42857142857142,34831.857142857145,23399.0,58230.857142857145,9377.0,3627.714285714286,13004.714285714286,12246.57142857143,17146.0,23399.0,40545.0,2227.8571428571427,4681.142857142857
2016-02-07,0.14285714285714285,0.0,0.0,0.0,0.42857142857142855,0.0,0.0,0.42857142857142855,0.42857142857142855,34756.42857142857,23373.0,58129.42857142857,9323.42857142857,3578.714285714286,12902.142857142857,12258.0,17163.0,23373.0,40536.0,2232.4285714285716,4691.285714285715
2016-02-14,1.5714285714285714,0.0,4.142857142857143,12.714285714285714,15.571428571428571,0.14285714285714285,0.8571428571428571,33.42857142857143,82.42857142857143,34901.57142857143,23284.714285714286,58186.28571428572,9447.142857142857,3612.285714285714,13059.42857142857,12230.42857142857,17122.14285714286,23284.714285714286,40406.857142857145,2247.1428571428573,4720.0
2016-02-21,0.0,0.0,0.0,0.0,0.0,0.0,0.0,0.0,0.0,34962.71428571428,23279.428571428572,58242.142857142855,9497.857142857143,3621.0,13118.857142857143,12222.42857142857,17128.14285714286,23279.428571428572,40407.57142857143,2245.8571428571427,4715.714285714285
2016-02-28,0.14285714285714285,0.14285714285714285,0.0,19.285714285714285,0.14285714285714285,0.0,0.0,19.571428571428573,19.571428571428573,34981.0,23200.571428571428,58181.57142857143,9521.142857142857,3647.5714285714284,13168.714285714286,12219.57142857143,17127.285714285714,23200.571428571428,40327.857142857145,2230.5714285714284,4685.0
2016-03-06,0.8571428571428571,0.0,0.0,1.4285714285714286,5.428571428571429,0.0,0.7142857142857143,7.571428571428571,7.571428571428571,34933.28571428572,23072.285714285714,58005.57142857143,9506.857142857143,3654.5714285714284,13161.42857142857,12195.57142857143,17082.0,23072.285714285714,40154.28571428572,2232.8571428571427,4689.857142857143
2016-03-13,2.857142857142857,0.0,0.0,12.571428571428571,34.142857142857146,1.2857142857142858,0.0,48.0,48.0,34901.142857142855,22938.14285714286,57839.28571428572,9486.42857142857,3642.285714285714,13128.714285714286,12166.857142857143,17046.285714285714,22938.14285714286,39984.42857142857,2248.1428571428573,4726.142857142857
2016-03-20,0.2857142857142857,0.0,0.0,0.0,1.0,0.14285714285714285,0.0,1.1428571428571428,1.1428571428571428,34942.142857142855,22862.428571428572,57804.57142857143,9496.142857142857,3656.4285714285716,13152.57142857143,12164.285714285714,17056.428571428572,22862.428571428572,39918.857142857145,2251.1428571428573,4733.142857142857
2016-03-27,0.5714285714285714,0.0,12.0,3.2857142857142856,39.42857142857143,0.0,0.0,55.0,55.857142857142854,34974.0,22827.714285714286,57801.71428571428,9533.0,3653.5714285714284,13186.57142857143,12161.42857142857,17054.714285714286,22827.714285714286,39882.42857142857,2250.1428571428573,4732.714285714285
2016-04-03,0.14285714285714285,0.0,0.0,0.0,0.8571428571428571,0.0,0.0,0.8571428571428571,0.8571428571428571,34929.42857142857,22785.85714285714,57715.28571428572,9478.0,3658.5714285714284,13136.57142857143,12160.857142857143,17052.428571428572,22785.85714285714,39838.28571428572,2254.714285714286,4740.428571428572
2016-04-10,0.14285714285714285,0.14285714285714285,0.0,0.14285714285714285,0.14285714285714285,2.7142857142857144,0.0,3.0,3.0,35029.857142857145,22818.85714285714,57848.71428571428,9498.714285714286,3666.5714285714284,13165.285714285714,12201.42857142857,17081.571428571428,22818.85714285714,39900.42857142857,2274.5714285714284,4783.0
2016-04-17,0.14285714285714285,0.0,7.714285714285714,0.2857142857142857,18.571428571428573,2.5714285714285716,0.0,29.285714285714285,33.714285714285715,35079.57142857143,22812.14285714286,57891.71428571428,9455.285714285714,3691.5714285714284,13146.857142857143,12251.57142857143,17126.714285714286,22812.14285714286,39938.857142857145,2285.285714285714,4806.0
2016-04-24,0.0,0.0,0.0,0.0,0.7142857142857143,0.0,0.0,0.7142857142857143,2.142857142857143,35050.57142857143,22750.85714285714,57801.42857142857,9422.285714285714,3710.4285714285716,13132.714285714286,12255.285714285714,17134.714285714286,22750.85714285714,39885.57142857143,2274.5714285714284,4783.142857142857
2016-05-01,0.2857142857142857,0.0,5.857142857142857,0.0,11.571428571428571,3.4285714285714284,0.0,20.857142857142858,39.57142857142857,35135.2,22781.0,57916.2,9419.8,3711.4,13131.2,12304.6,17193.4,22781.0,39974.4,2287.0,4810.6
2016-05-08,0.0,0.0,0.0,0.0,0.2857142857142857,0.0,0.0,0.2857142857142857,0.2857142857142857,35195.28571428572,22817.285714285714,58012.57142857143,9399.714285714286,3729.0,13128.714285714286,12356.42857142857,17260.571428571428,22817.285714285714,40077.857142857145,2285.5714285714284,4806.0
2016-05-15,0.42857142857142855,0.14285714285714285,0.0,0.14285714285714285,4.714285714285714,1.8571428571428572,0.0,6.857142857142857,6.857142857142857,35107.142857142855,22760.571428571428,57867.71428571428,9381.0,3713.4285714285716,13094.42857142857,12340.42857142857,17200.571428571428,22760.571428571428,39961.142857142855,2290.285714285714,4812.142857142857
2016-05-22,0.0,0.0,25.0,0.0,4.142857142857143,0.0,0.0,29.142857142857142,45.42857142857143,35192.57142857143,22799.0,57991.57142857143,9417.285714285714,3721.714285714286,13139.0,12365.42857142857,17223.428571428572,22799.0,40022.42857142857,2301.1428571428573,4830.142857142857
2016-05-29,1.5714285714285714,1.4285714285714286,19.428571428571427,44.714285714285715,25.428571428571427,1.2857142857142858,0.0,91.14285714285714,109.85714285714286,35068.28571428572,22662.714285714286,57731.0,9381.42857142857,3704.4285714285716,13085.857142857143,12304.0,17111.428571428572,22662.714285714286,39774.142857142855,2320.5714285714284,4871.0
2016-06-05,0.0,0.0,0.0,0.0,0.14285714285714285,0.0,1.4285714285714286,1.5714285714285714,7.142857142857143,35047.833333333336,22638.0,57685.833333333336,9312.833333333334,3712.8333333333335,13025.666666666666,12314.833333333334,17117.666666666668,22638.0,39755.666666666664,2336.6666666666665,4904.5
2016-06-12,0.2857142857142857,0.0,0.0,0.0,13.571428571428571,0.0,0.0,13.571428571428571,59.857142857142854,35147.0,22672.571428571428,57819.57142857143,9339.0,3701.5714285714284,13040.57142857143,12368.57142857143,17171.14285714286,22672.571428571428,39843.71428571428,2352.1428571428573,4935.285714285715
2016-06-19,3.4285714285714284,0.8571428571428571,77.14285714285714,8.428571428571429,48.42857142857143,0.14285714285714285,1.1428571428571428,135.42857142857142,150.57142857142858,35221.0,22671.85714285714,57892.857142857145,9328.57142857143,3748.5714285714284,13077.142857142857,12398.857142857143,17222.0,22671.85714285714,39893.857142857145,2347.4285714285716,4921.857142857143
2016-06-26,6.0,5.142857142857143,37.857142857142854,7.714285714285714,164.42857142857142,11.714285714285714,2.7142857142857144,225.57142857142858,227.85714285714286,35138.0,22606.714285714286,57744.71428571428,9297.285714285714,3766.714285714286,13064.0,12360.142857142857,17171.571428571428,22606.714285714286,39778.28571428572,2337.0,4902.428571428572
2016-07-03,17.428571428571427,3.857142857142857,282.42857142857144,186.57142857142858,301.7142857142857,43.42857142857143,39.142857142857146,857.2857142857143,860.2857142857143,35041.142857142855,22589.85714285714,57631.0,9236.0,3724.8571428571427,12960.857142857143,12376.57142857143,17182.714285714286,22589.85714285714,39772.57142857143,2333.285714285714,4897.571428571428
2016-07-10,0.14285714285714285,0.0,8.571428571428571,0.0,0.42857142857142855,0.0,0.0,9.142857142857142,9.142857142857142,35116.857142857145,22650.714285714286,57767.57142857143,9221.42857142857,3722.8571428571427,12944.285714285714,12420.0,17241.14285714286,22650.714285714286,39891.857142857145,2350.1428571428573,4931.428571428572
2016-07-17,0.0,0.0,0.0,0.14285714285714285,0.0,0.0,0.0,0.14285714285714285,0.14285714285714285,35291.57142857143,22830.571428571428,58122.142857142855,9231.0,3725.1428571428573,12956.142857142857,12515.42857142857,17385.428571428572,22830.571428571428,40216.0,2358.8571428571427,4950.0
2016-07-24,0.0,0.0,0.0,0.0,0.42857142857142855,0.0,0.0,0.42857142857142855,0.42857142857142855,35383.142857142855,22958.428571428572,58341.57142857143,9207.714285714286,3741.714285714286,12949.42857142857,12592.42857142857,17490.85714285714,22958.428571428572,40449.28571428572,2351.4285714285716,4942.857142857143
2016-07-31,1.5714285714285714,0.0,19.857142857142858,23.285714285714285,64.0,0.14285714285714285,0.0,107.85714285714286,115.0,35404.666666666664,22980.666666666668,58385.333333333336,9187.666666666666,3747.3333333333335,12935.0,12624.833333333334,17522.666666666668,22980.666666666668,40503.333333333336,2353.8333333333335,4947.0
2016-08-07,0.14285714285714285,0.14285714285714285,9.571428571428571,1.0,1.4285714285714286,0.0,7.714285714285714,19.857142857142858,163.0,35514.71428571428,23083.14285714286,58597.857142857145,9199.57142857143,3740.285714285714,12939.857142857143,12678.285714285714,17590.571428571428,23083.14285714286,40673.71428571428,2371.5714285714284,4984.285714285715
2016-08-14,0.0,0.0,0.0,0.0,6.142857142857143,0.0,0.0,6.142857142857143,28.714285714285715,35732.0,23269.428571428572,59001.42857142857,9257.714285714286,3736.285714285714,12994.0,12802.42857142857,17746.0,23269.428571428572,41015.42857142857,2376.4285714285716,4992.0
2016-08-21,0.42857142857142855,0.0,0.42857142857142855,2.0,3.142857142857143,0.14285714285714285,0.0,5.714285714285714,5.714285714285714,35761.71428571428,23362.714285714286,59124.42857142857,9242.42857142857,3720.4285714285716,12962.857142857143,12863.0,17812.0,23362.714285714286,41174.71428571428,2376.0,4986.857142857143
2016-08-28,0.5714285714285714,0.0,2.142857142857143,4.857142857142857,7.428571428571429,1.0,3.2857142857142856,18.857142857142858,45.714285714285715,35846.28571428572,23450.714285714286,59297.0,9248.857142857143,3769.0,13017.857142857143,12918.0,17846.14285714286,23450.714285714286,41296.857142857145,2375.0,4982.285714285715
2016-09-04,0.14285714285714285,0.0,0.0,0.14285714285714285,0.14285714285714285,0.42857142857142855,0.0,0.7142857142857143,0.7142857142857143,35875.857142857145,23483.0,59358.857142857145,9243.857142857143,3757.4285714285716,13001.285714285714,12946.57142857143,17873.285714285714,23483.0,41356.28571428572,2385.5714285714284,5001.285714285715
2016-09-11,0.14285714285714285,0.0,0.42857142857142855,32.714285714285715,13.142857142857142,0.0,0.0,46.42857142857143,93.0,35878.142857142855,23463.14285714286,59341.28571428572,9271.142857142857,3773.285714285714,13044.42857142857,12945.57142857143,17841.714285714286,23463.14285714286,41304.857142857145,2385.4285714285716,4992.0
2016-09-18,0.0,0.0,0.0,0.0,1.8571428571428572,0.0,0.0,1.8571428571428572,6.857142857142857,36023.142857142855,23578.0,59601.142857142855,9283.714285714286,3788.5714285714284,13072.285714285714,13017.714285714286,17937.571428571428,23578.0,41515.57142857143,2393.285714285714,5013.285714285715
2016-09-25,0.14285714285714285,0.0,20.571428571428573,0.8571428571428571,17.142857142857142,0.0,3.2857142857142856,42.285714285714285,55.857142857142854,36165.42857142857,23606.571428571428,59772.0,9312.57142857143,3814.8571428571427,13127.42857142857,13044.714285714286,17991.85714285714,23606.571428571428,41598.42857142857,2408.1428571428573,5046.142857142857
2016-10-02,0.14285714285714285,0.0,0.0,0.0,0.7142857142857143,0.0,0.0,0.7142857142857143,0.7142857142857143,36230.142857142855,23621.85714285714,59852.0,9349.42857142857,3825.4285714285716,13174.857142857143,13070.57142857143,18023.714285714286,23621.85714285714,41645.57142857143,2402.285714285714,5031.571428571428
2016-10-09,1.2857142857142858,0.0,6.142857142857143,0.14285714285714285,6.142857142857143,0.0,0.0,12.571428571428571,12.571428571428571,36245.57142857143,23584.0,59829.57142857143,9350.857142857143,3851.1428571428573,13202.0,13092.285714285714,18012.85714285714,23584.0,41596.857142857145,2406.4285714285716,5030.714285714285
2016-10-16,0.0,0.0,0.0,0.0,0.14285714285714285,0.0,0.0,0.14285714285714285,0.14285714285714285,36363.71428571428,23587.14285714286,59950.857142857145,9409.285714285714,3883.714285714286,13293.0,13096.857142857143,18007.571428571428,23587.14285714286,41594.71428571428,2425.1428571428573,5063.142857142857
2016-10-23,2.857142857142857,0.14285714285714285,0.0,0.0,4.714285714285714,1.2857142857142858,0.0,6.0,10.428571428571429,36388.857142857145,23557.428571428572,59946.28571428572,9501.714285714286,3902.1428571428573,13403.857142857143,13062.0,17952.285714285714,23557.428571428572,41509.71428571428,2410.0,5032.714285714285
2016-10-30,0.7142857142857143,0.0,0.0,2.0,5.857142857142857,0.0,0.0,8.0,8.142857142857142,36492.28571428572,23638.0,60130.28571428572,9516.285714285714,3884.1428571428573,13400.42857142857,13120.857142857143,18031.85714285714,23638.0,41669.857142857145,2420.8571428571427,5060.0
2016-11-06,0.8571428571428571,0.14285714285714285,5.428571428571429,2.857142857142857,0.5714285714285714,0.0,0.0,8.857142857142858,9.714285714285714,36557.57142857143,23719.85714285714,60277.42857142857,9522.0,3867.8571428571427,13389.857142857143,13132.57142857143,18059.85714285714,23719.85714285714,41779.71428571428,2441.5714285714284,5107.857142857143
2016-11-13,0.14285714285714285,0.0,0.0,0.0,14.285714285714286,0.0,0.0,14.428571428571429,14.428571428571429,36767.57142857143,23769.0,60536.57142857143,9610.714285714286,3882.5714285714284,13493.285714285714,13175.42857142857,18112.714285714286,23769.0,41881.71428571428,2466.4285714285716,5161.571428571428
2016-11-20,0.14285714285714285,0.0,0.0,1.2857142857142858,40.142857142857146,0.0,0.7142857142857143,42.142857142857146,174.42857142857142,36810.42857142857,23759.285714285714,60569.71428571428,9620.857142857143,3882.4285714285716,13503.285714285714,13185.857142857143,18120.285714285714,23759.285714285714,41879.57142857143,2477.5714285714284,5186.857142857143
2016-11-27,1.7142857142857142,0.5714285714285714,0.8571428571428571,5.857142857142857,44.57142857142857,0.0,0.0,51.42857142857143,56.714285714285715,36813.142857142855,23701.571428571428,60514.71428571428,9614.42857142857,3855.1428571428573,13469.57142857143,13161.57142857143,18087.285714285714,23701.571428571428,41788.857142857145,2510.285714285714,5256.285714285715
2016-12-04,0.2857142857142857,0.0,0.0,0.0,4.0,0.0,0.0,4.0,4.0,36824.857142857145,23749.85714285714,60574.71428571428,9612.142857142857,3872.285714285714,13484.42857142857,13172.285714285714,18093.285714285714,23749.85714285714,41843.142857142855,2504.0,5247.142857142857
2016-12-11,1.0,0.8571428571428571,6.857142857142857,0.0,51.857142857142854,0.14285714285714285,0.0,58.857142857142854,121.0,36853.0,23724.571428571428,60577.42857142857,9643.57142857143,3867.5714285714284,13511.142857142857,13168.714285714286,18072.285714285714,23724.571428571428,41796.857142857145,2513.0,5269.571428571428
2016-12-18,0.14285714285714285,0.0,0.42857142857142855,0.14285714285714285,4.0,0.0,0.0,4.571428571428571,23.571428571428573,36874.42857142857,23674.714285714286,60549.142857142855,9663.714285714286,3868.285714285714,13532.0,13129.142857142857,18039.714285714286,23674.714285714286,41714.42857142857,2528.5714285714284,5302.714285714285
2016-12-25,1.8571428571428572,1.5714285714285714,8.857142857142858,24.428571428571427,223.85714285714286,9.857142857142858,114.28571428571429,381.85714285714283,381.85714285714283,36755.0,23504.14285714286,60259.142857142855,9727.0,3812.4285714285716,13539.42857142857,13042.142857142857,17918.85714285714,23504.14285714286,41423.0,2525.4285714285716,5296.714285714285
2017-01-01,8.285714285714286,0.14285714285714285,46.714285714285715,93.57142857142857,162.0,15.0,100.85714285714286,420.57142857142856,420.57142857142856,36637.71428571428,23366.714285714286,60004.42857142857,9737.57142857143,3758.285714285714,13495.857142857143,12974.285714285714,17829.285714285714,23366.571428571428,41195.857142857145,2533.1428571428573,5312.714285714285
2017-01-08,0.0,0.0,0.0,0.0,1.4285714285714286,0.0,0.0,1.4285714285714286,6.857142857142857,36745.857142857145,23371.85714285714,60117.71428571428,9832.0,3778.285714285714,13610.285714285714,12984.285714285714,17841.0,23371.85714285714,41212.857142857145,2523.8571428571427,5294.571428571428
2017-01-15,0.0,0.0,0.0,0.0,0.0,0.0,0.0,0.0,0.0,36789.71428571428,23459.85714285714,60249.57142857143,9820.142857142857,3789.8571428571427,13610.0,13019.42857142857,17880.571428571428,23459.85714285714,41340.42857142857,2525.8571428571427,5299.142857142857
2017-01-22,0.0,0.0,11.428571428571429,0.0,3.142857142857143,0.0,0.0,14.714285714285714,25.0,36788.8,23443.6,60232.4,9874.8,3765.4,13640.2,13009.6,17862.4,23443.6,41306.0,2520.0,5286.2
2017-01-29,0.7142857142857143,0.7142857142857143,14.0,2.0,2.7142857142857144,0.0,0.0,18.714285714285715,18.714285714285715,36879.75,23448.5,60328.25,9922.75,3807.25,13730.0,13029.75,17890.5,23448.5,41339.0,2505.75,5259.25
2017-02-05,0.2857142857142857,0.0,26.714285714285715,0.42857142857142855,3.857142857142857,2.2857142857142856,0.0,33.57142857142857,47.142857142857146,36834.42857142857,23369.85714285714,60204.28571428572,9915.142857142857,3803.8571428571427,13719.0,12999.714285714286,17857.285714285714,23369.85714285714,41227.142857142855,2504.8571428571427,5258.142857142857
2017-02-12,0.0,0.0,0.0,0.0,4.714285714285714,0.0,0.0,4.714285714285714,7.0,36873.57142857143,23326.85714285714,60200.42857142857,9952.714285714286,3841.5714285714284,13794.285714285714,12956.285714285714,17819.0,23326.85714285714,41145.857142857145,2503.0,5260.285714285715
2017-02-19,0.0,0.0,0.0,0.0,0.42857142857142855,0.0,0.2857142857142857,0.7142857142857143,6.428571428571429,36807.0,23258.428571428572,60065.42857142857,9995.142857142857,3821.285714285714,13816.42857142857,12918.857142857143,17742.14285714286,23258.428571428572,41000.57142857143,2497.8571428571427,5248.428571428572
2017-02-26,3.0,0.0,5.714285714285714,1.2857142857142858,3.4285714285714284,0.0,0.0,10.428571428571429,10.428571428571429,36774.857142857145,23180.714285714286,59955.57142857143,10006.42857142857,3814.714285714286,13821.142857142857,12885.857142857143,17693.285714285714,23180.714285714286,40874.0,2502.285714285714,5260.428571428572
2017-03-05,1.0,0.0,1.8571428571428572,3.5714285714285716,1.7142857142857142,0.0,0.0,7.285714285714286,19.142857142857142,36706.42857142857,23119.714285714286,59826.142857142855,10003.0,3809.0,13812.0,12844.285714285714,17632.0,23119.714285714286,40751.71428571428,2502.0,5262.428571428572
2017-03-12,0.0,0.0,0.0,0.0,0.2857142857142857,0.0,0.0,0.2857142857142857,0.2857142857142857,36688.71428571428,23038.285714285714,59727.0,10045.857142857143,3803.714285714286,13849.57142857143,12829.857142857143,17597.0,23038.285714285714,40635.28571428572,2494.285714285714,5242.142857142857
2017-03-19,0.0,0.0,5.714285714285714,0.0,20.285714285714285,3.5714285714285716,1.0,30.857142857142858,34.57142857142857,36750.142857142855,22955.571428571428,59705.71428571428,10093.57142857143,3849.5714285714284,13943.142857142857,12783.0,17539.571428571428,22955.571428571428,40495.142857142855,2506.714285714286,5267.428571428572
2017-03-26,0.7142857142857143,0.0,3.5714285714285716,20.714285714285715,4.285714285714286,0.2857142857142857,0.2857142857142857,29.285714285714285,30.857142857142858,36559.57142857143,22779.714285714286,59339.28571428572,10081.285714285714,3833.285714285714,13914.57142857143,12688.857142857143,17397.571428571428,22779.714285714286,40177.28571428572,2497.8571428571427,5247.428571428572
2017-04-02,0.0,0.0,0.0,0.0,14.714285714285714,0.14285714285714285,0.0,14.857142857142858,73.14285714285714,36434.71428571428,22665.428571428572,59100.142857142855,10054.285714285714,3808.5714285714284,13862.857142857143,12637.714285714286,17311.0,22665.428571428572,39976.42857142857,2502.8571428571427,5260.857142857143
2017-04-09,0.2857142857142857,0.14285714285714285,22.857142857142858,8.571428571428571,76.0,5.714285714285714,4.285714285714286,118.14285714285714,118.14285714285714,36377.142857142855,22516.714285714286,58893.857142857145,10111.714285714286,3809.1428571428573,13920.857142857143,12567.42857142857,17198.14285714286,22516.714285714286,39714.857142857145,2499.5714285714284,5258.142857142857
2017-04-16,0.0,0.0,0.0,0.0,3.0,0.0,0.0,3.0,14.285714285714286,36384.666666666664,22475.333333333332,58860.0,10111.333333333334,3814.6666666666665,13926.0,12548.666666666666,17192.0,22475.333333333332,39667.333333333336,2501.6666666666665,5266.666666666667
2017-04-23,0.14285714285714285,0.0,0.0,0.0,0.5714285714285714,0.14285714285714285,0.0,0.7142857142857143,0.7142857142857143,36513.166666666664,22404.166666666668,58917.333333333336,10178.833333333334,3828.6666666666665,14007.5,12508.166666666666,17155.833333333332,22404.166666666668,39560.0,2540.1666666666665,5349.833333333333
2017-04-30,1.5714285714285714,1.5714285714285714,60.57142857142857,58.0,57.57142857142857,77.42857142857143,65.0,318.7142857142857,413.14285714285717,36521.142857142855,22438.85714285714,58960.0,10149.0,3826.8571428571427,13975.857142857143,12533.857142857143,17198.14285714286,22438.85714285714,39637.0,2538.1428571428573,5347.142857142857
2017-05-07,0.0,0.0,0.0,0.0,0.42857142857142855,0.0,0.0,0.42857142857142855,0.42857142857142855,36337.57142857143,22347.285714285714,58684.857142857145,10147.857142857143,3804.0,13951.857142857143,12477.285714285714,17119.428571428572,22347.285714285714,39466.71428571428,2498.5714285714284,5266.285714285715
2017-05-14,0.0,0.0,7.714285714285714,1.1428571428571428,5.142857142857143,0.14285714285714285,0.0,14.142857142857142,18.571428571428573,36336.0,22382.333333333332,58718.333333333336,10170.5,3811.5,13982.0,12472.833333333334,17093.833333333332,22382.333333333332,39476.166666666664,2494.6666666666665,5260.166666666667
2017-05-21,0.0,0.0,0.0,0.0,8.142857142857142,0.0,0.0,8.142857142857142,40.42857142857143,36355.71428571428,22322.285714285714,58678.0,10176.142857142857,3828.4285714285716,14004.57142857143,12461.42857142857,17084.571428571428,22322.285714285714,39406.857142857145,2498.714285714286,5266.571428571428
2017-05-28,0.0,0.0,0.0,2.4285714285714284,18.428571428571427,6.142857142857143,0.0,27.142857142857142,28.571428571428573,36333.0,22279.666666666668,58612.666666666664,10184.666666666666,3836.0,14020.666666666666,12458.333333333334,17079.333333333332,22279.666666666668,39359.0,2480.6666666666665,5233.0
2017-06-04,0.14285714285714285,0.14285714285714285,8.142857142857142,1.0,2.7142857142857144,0.14285714285714285,0.0,12.142857142857142,20.714285714285715,36184.42857142857,22186.85714285714,58371.28571428572,10168.857142857143,3814.1428571428573,13983.0,12427.857142857143,17013.285714285714,22186.85714285714,39200.142857142855,2458.285714285714,5188.142857142857
2017-06-11,0.7142857142857143,0.5714285714285714,8.285714285714286,1.7142857142857142,19.285714285714285,0.0,0.0,29.571428571428573,62.142857142857146,36209.42857142857,22131.285714285714,58340.71428571428,10192.285714285714,3809.1428571428573,14001.42857142857,12410.714285714286,16985.571428571428,22131.285714285714,39116.857142857145,2473.714285714286,5222.428571428572
2017-06-18,6.857142857142857,6.0,54.42857142857143,9.285714285714286,86.71428571428571,3.142857142857143,4.571428571428571,159.0,159.14285714285714,36141.28571428572,22084.285714285714,58225.57142857143,10142.714285714286,3817.4285714285716,13960.142857142857,12392.0,16964.85714285714,22084.285714285714,39049.142857142855,2469.5714285714284,5216.285714285715
2017-06-25,2.5714285714285716,2.142857142857143,0.14285714285714285,13.571428571428571,73.71428571428571,45.57142857142857,4.428571428571429,138.57142857142858,144.28571428571428,36198.25,22091.0,58289.25,10181.75,3818.75,14000.5,12399.25,16979.75,22091.0,39070.75,2470.75,5218.0
2017-07-02,31.142857142857142,12.714285714285714,150.0,574.1428571428571,311.42857142857144,44.285714285714285,11.714285714285714,1098.857142857143,1210.2857142857142,36102.0,22154.85714285714,58256.857142857145,10133.42857142857,3800.1428571428573,13933.57142857143,12419.714285714286,17007.285714285714,22154.85714285714,39162.142857142855,2443.0,5161.142857142857
2017-07-09,0.14285714285714285,0.0,0.0,24.285714285714285,0.2857142857142857,0.0,0.0,24.714285714285715,25.857142857142858,36029.57142857143,22097.0,58126.57142857143,10067.142857142857,3816.285714285714,13883.42857142857,12374.285714285714,16964.0,22097.0,39061.0,2452.8571428571427,5182.142857142857
2017-07-16,0.0,0.0,0.0,0.0,0.8571428571428571,0.0,0.0,0.8571428571428571,2.5714285714285716,36146.57142857143,22186.428571428572,58333.0,10087.857142857143,3842.1428571428573,13930.0,12412.142857142857,17006.14285714286,22186.428571428572,39192.57142857143,2468.5714285714284,5210.428571428572
2017-07-23,0.14285714285714285,0.0,0.0,0.0,0.0,0.42857142857142855,0.0,0.42857142857142855,0.42857142857142855,36248.0,22217.428571428572,58465.42857142857,10126.857142857143,3869.4285714285716,13996.285714285714,12436.285714285714,17031.428571428572,22217.428571428572,39248.857142857145,2472.714285714286,5220.285714285715
2017-07-30,0.0,0.0,0.0,1.1428571428571428,2.7142857142857144,0.14285714285714285,0.0,4.142857142857143,4.142857142857143,36315.0,22218.285714285714,58533.28571428572,10147.0,3891.5714285714284,14038.57142857143,12425.714285714286,17019.571428571428,22218.285714285714,39237.857142857145,2491.0,5256.857142857143
2017-08-06,0.2857142857142857,0.0,0.0,0.8571428571428571,0.7142857142857143,0.14285714285714285,0.0,1.7142857142857142,1.7142857142857142,36308.142857142855,22229.14285714286,58537.28571428572,10094.857142857143,3893.0,13987.857142857143,12422.285714285714,17026.85714285714,22229.14285714286,39256.0,2508.5714285714284,5293.428571428572
2017-08-13,0.0,0.0,0.0,0.0,0.14285714285714285,0.0,0.0,0.14285714285714285,0.14285714285714285,36477.0,22300.571428571428,58777.57142857143,10180.57142857143,3904.714285714286,14085.285714285714,12467.714285714286,17088.14285714286,22300.571428571428,39388.71428571428,2512.714285714286,5303.571428571428
2017-08-20,0.2857142857142857,0.2857142857142857,0.0,1.7142857142857142,4.0,0.14285714285714285,0.0,6.142857142857143,6.142857142857143,36587.0,22362.714285714286,58949.71428571428,10220.57142857143,3912.0,14132.57142857143,12503.0,17133.0,22362.714285714286,39495.71428571428,2521.285714285714,5321.428571428572
2017-08-27,0.0,0.0,0.0,0.0,0.0,0.42857142857142855,0.0,0.42857142857142855,0.42857142857142855,36647.142857142855,22421.85714285714,59069.0,10221.42857142857,3932.1428571428573,14153.57142857143,12535.0,17183.571428571428,22421.85714285714,39605.42857142857,2516.0,5310.0
2017-09-03,0.0,0.0,0.0,0.0,0.42857142857142855,0.2857142857142857,0.0,0.7142857142857143,0.7142857142857143,36782.857142857145,22602.714285714286,59385.57142857143,10222.285714285714,3957.8571428571427,14180.142857142857,12633.285714285714,17298.714285714286,22602.714285714286,39901.42857142857,2513.285714285714,5304.0
2017-09-10,0.2857142857142857,0.0,3.0,0.0,6.285714285714286,0.0,0.0,9.285714285714286,32.857142857142854,36815.57142857143,22727.0,59542.57142857143,10226.857142857143,3942.1428571428573,14169.0,12675.714285714286,17358.85714285714,22727.0,40085.857142857145,2502.4285714285716,5287.714285714285
2017-09-17,0.0,0.0,0.0,0.0,0.14285714285714285,0.0,0.0,0.14285714285714285,0.14285714285714285,36971.28571428572,22871.428571428572,59842.71428571428,10228.42857142857,3960.8571428571427,14189.285714285714,12737.714285714286,17438.428571428572,22871.428571428572,40309.857142857145,2529.714285714286,5343.571428571428
2017-09-24,0.42857142857142855,0.14285714285714285,0.0,0.42857142857142855,0.8571428571428571,0.7142857142857143,5.285714285714286,7.285714285714286,108.28571428571429,37058.0,22977.428571428572,60035.42857142857,10240.142857142857,3980.8571428571427,14221.0,12788.42857142857,17502.285714285714,22977.428571428572,40479.71428571428,2523.4285714285716,5334.714285714285
2017-10-01,0.14285714285714285,0.0,14.571428571428571,2.4285714285714284,14.142857142857142,10.571428571428571,0.0,42.285714285714285,201.71428571428572,37045.142857142855,22986.571428571428,60031.71428571428,10227.714285714286,3989.4285714285716,14217.142857142857,12812.714285714286,17512.714285714286,22986.571428571428,40499.28571428572,2515.714285714286,5315.285714285715
2017-10-08,0.42857142857142855,0.2857142857142857,15.714285714285714,2.7142857142857144,17.571428571428573,1.0,0.14285714285714285,37.42857142857143,46.57142857142857,37042.857142857145,23014.714285714286,60057.57142857143,10227.142857142857,4014.285714285714,14241.42857142857,12816.857142857143,17529.714285714286,23014.714285714286,40544.42857142857,2496.0,5271.714285714285
2017-10-15,0.14285714285714285,0.14285714285714285,0.0,0.0,0.14285714285714285,10.142857142857142,0.7142857142857143,11.0,11.0,37189.71428571428,23068.714285714286,60258.42857142857,10270.57142857143,4058.4285714285716,14329.0,12855.857142857143,17591.85714285714,23068.714285714286,40660.57142857143,2496.0,5268.857142857143
2017-10-22,1.0,0.0,0.0,2.4285714285714284,15.0,0.0,0.0,17.857142857142858,17.857142857142858,37300.71428571428,23169.85714285714,60470.57142857143,10270.42857142857,4035.5714285714284,14306.0,12937.42857142857,17704.0,23169.85714285714,40873.857142857145,2509.0,5290.714285714285
2017-10-29,0.14285714285714285,0.0,2.0,11.142857142857142,4.142857142857143,0.2857142857142857,0.0,17.714285714285715,17.714285714285715,37259.142857142855,23077.428571428572,60336.57142857143,10293.714285714286,4057.285714285714,14351.0,12892.714285714286,17628.428571428572,23077.428571428572,40705.857142857145,2504.4285714285716,5279.714285714285
2017-11-05,13.428571428571429,9.571428571428571,64.14285714285714,74.0,187.57142857142858,1.7142857142857142,1.2857142857142858,333.57142857142856,350.42857142857144,37159.0,22980.4,60139.4,10303.8,4043.4,14347.2,12837.2,17547.2,22980.4,40527.6,2497.0,5264.6
2017-11-12,0.42857142857142855,0.2857142857142857,32.857142857142854,21.142857142857142,10.571428571428571,0.14285714285714285,0.0,65.14285714285714,67.71428571428571,37256.0,22971.428571428572,60227.42857142857,10361.857142857143,4060.5714285714284,14422.42857142857,12852.285714285714,17569.14285714286,22971.428571428572,40540.57142857143,2497.4285714285716,5264.428571428572
2017-11-19,0.0,0.0,11.857142857142858,0.0,1.0,0.14285714285714285,1.7142857142857142,14.857142857142858,20.0,37332.833333333336,22956.166666666668,60289.0,10442.333333333334,4080.1666666666665,14522.5,12827.0,17531.666666666668,22956.166666666668,40487.833333333336,2503.5,5278.666666666667
2017-11-26,0.42857142857142855,0.14285714285714285,10.142857142857142,21.714285714285715,88.85714285714286,65.14285714285714,0.14285714285714285,186.57142857142858,186.57142857142858,37336.857142857145,22922.428571428572,60259.28571428572,10477.142857142857,4065.0,14542.142857142857,12811.142857142857,17508.14285714286,22922.428571428572,40430.57142857143,2508.1428571428573,5286.571428571428
2017-12-03,0.7142857142857143,0.0,0.0,147.0,17.571428571428573,0.14285714285714285,0.0,164.71428571428572,164.71428571428572,37369.142857142855,22891.714285714286,60260.857142857145,10516.714285714286,4087.285714285714,14604.0,12791.0,17475.571428571428,22891.714285714286,40367.28571428572,2510.0,5289.571428571428
2017-12-10,0.5714285714285714,0.0,2.4285714285714284,11.714285714285714,1.0,0.14285714285714285,0.0,15.428571428571429,15.428571428571429,37474.28571428572,22937.714285714286,60412.0,10567.57142857143,4086.8571428571427,14654.42857142857,12827.0,17538.0,22937.714285714286,40475.71428571428,2503.8571428571427,5281.857142857143
2017-12-17,0.2857142857142857,0.2857142857142857,5.857142857142857,4.714285714285714,17.0,5.142857142857143,0.0,33.142857142857146,50.142857142857146,37581.833333333336,22934.0,60515.833333333336,10627.5,4102.0,14729.5,12822.666666666666,17540.166666666668,22934.0,40474.166666666664,2520.0,5312.166666666667
2017-12-24,0.42857142857142855,0.14285714285714285,6.142857142857143,1.4285714285714286,128.0,1.2857142857142858,3.5714285714285716,140.71428571428572,168.14285714285714,37495.28571428572,22829.14285714286,60324.42857142857,10621.0,4080.8571428571427,14701.857142857143,12771.57142857143,17476.85714285714,22829.14285714286,40306.0,2519.0,5316.571428571428
2017-12-31,0.2857142857142857,0.0,71.0,49.0,127.28571428571429,25.857142857142858,12.714285714285714,287.2857142857143,324.7142857142857,37371.71428571428,22717.714285714286,60089.42857142857,10627.57142857143,4047.5714285714284,14675.142857142857,12722.142857142857,17393.285714285714,22717.714285714286,40111.0,2512.714285714286,5303.285714285715
2018-01-07,0.14285714285714285,0.0,0.0,0.0,2.857142857142857,0.42857142857142855,0.0,3.2857142857142856,14.142857142857142,37385.142857142855,22624.714285714286,60009.857142857145,10685.857142857143,4047.285714285714,14733.142857142857,12673.142857142857,17348.571428571428,22624.714285714286,39973.28571428572,2512.5714285714284,5303.428571428572
2018-01-14,0.0,0.0,0.0,0.0,0.42857142857142855,0.0,2.7142857142857144,3.142857142857143,9.0,37509.71428571428,22690.14285714286,60199.857142857145,10745.42857142857,4069.285714285714,14814.714285714286,12716.0,17416.428571428572,22690.14285714286,40106.57142857143,2500.5714285714284,5278.571428571428
2018-01-21,0.42857142857142855,0.0,0.0,3.4285714285714284,4.0,0.0,0.0,7.714285714285714,7.714285714285714,37732.857142857145,22821.714285714286,60554.57142857143,10798.714285714286,4118.714285714285,14917.42857142857,12801.714285714286,17514.0,22821.714285714286,40335.71428571428,2512.285714285714,5301.428571428572
2018-01-28,0.5714285714285714,0.14285714285714285,45.42857142857143,5.142857142857143,3.7142857142857144,1.2857142857142858,0.14285714285714285,56.142857142857146,56.142857142857146,37887.71428571428,22900.85714285714,60788.57142857143,10902.714285714286,4125.714285714285,15028.42857142857,12859.285714285714,17575.14285714286,22900.85714285714,40476.0,2503.285714285714,5284.142857142857
2018-02-04,0.2857142857142857,0.2857142857142857,0.0,0.0,10.571428571428571,3.5714285714285716,0.42857142857142855,14.714285714285714,15.428571428571429,38024.42857142857,22955.85714285714,60980.28571428572,10976.57142857143,4130.142857142857,15106.714285714286,12880.285714285714,17617.571428571428,22955.85714285714,40573.42857142857,2511.714285714286,5300.142857142857
2018-02-11,0.14285714285714285,0.0,0.5714285714285714,17.285714285714285,3.142857142857143,0.0,5.571428571428571,26.714285714285715,44.0,38014.0,22915.571428571428,60929.57142857143,11018.714285714286,4154.285714285715,15173.0,12850.714285714286,17569.285714285714,22915.571428571428,40484.857142857145,2498.8571428571427,5271.714285714285
2018-02-18,0.0,0.0,0.0,0.0,2.0,0.0,1.1428571428571428,3.142857142857143,28.857142857142858,37936.142857142855,22733.0,60669.142857142855,11049.857142857143,4189.0,15238.857142857143,12767.285714285714,17453.285714285714,22733.0,40186.28571428572,2485.5714285714284,5244.0
2018-02-25,1.8571428571428572,0.0,0.7142857142857143,32.42857142857143,42.0,3.4285714285714284,0.0,79.57142857142857,80.42857142857143,37865.857142857145,22619.0,60484.857142857145,11081.42857142857,4191.428571428572,15272.857142857143,12724.285714285714,17375.428571428572,22619.0,39994.42857142857,2472.4285714285716,5217.571428571428
2018-03-04,0.2857142857142857,0.0,0.0,0.0,19.714285714285715,0.5714285714285714,0.0,20.285714285714285,20.428571428571427,37775.57142857143,22627.85714285714,60403.42857142857,11061.285714285714,4156.714285714285,15218.0,12717.142857142857,17350.714285714286,22627.85714285714,39978.57142857143,2463.8571428571427,5206.857142857143
2018-03-11,0.0,0.0,0.0,0.0,9.428571428571429,0.8571428571428571,0.0,10.285714285714286,50.285714285714285,37784.42857142857,22624.14285714286,60408.57142857143,11103.857142857143,4155.0,15258.857142857143,12695.57142857143,17322.428571428572,22624.14285714286,39946.57142857143,2462.0,5203.142857142857
2018-03-18,0.0,0.0,0.0,0.14285714285714285,6.285714285714286,0.0,3.0,9.428571428571429,45.42857142857143,37782.42857142857,22578.0,60360.42857142857,11122.714285714286,4169.142857142857,15291.857142857143,12669.857142857143,17277.571428571428,22578.0,39855.57142857143,2468.8571428571427,5213.0
2018-03-25,0.0,0.0,0.0,0.0,2.2857142857142856,0.0,0.0,2.2857142857142856,9.428571428571429,37753.0,22546.14285714286,60299.142857142855,11160.57142857143,4147.428571428572,15308.0,12654.714285714286,17243.14285714286,22546.14285714286,39789.28571428572,2465.4285714285716,5201.857142857143
2018-04-01,0.0,0.0,0.0,0.0,0.14285714285714285,0.0,0.0,0.14285714285714285,0.14285714285714285,37534.0,22402.428571428572,59936.42857142857,11129.285714285714,4129.285714285715,15258.57142857143,12559.857142857143,17108.285714285714,22402.428571428572,39510.71428571428,2448.5714285714284,5167.142857142857
2018-04-08,0.0,0.0,0.0,0.0,5.428571428571429,0.0,5.0,10.428571428571429,33.0,37489.166666666664,22314.5,59803.666666666664,11116.166666666666,4118.0,15234.166666666666,12527.333333333334,17091.833333333332,22314.5,39406.333333333336,2443.8333333333335,5163.166666666667
2018-04-15,0.0,0.0,0.0,0.14285714285714285,1.5714285714285714,0.14285714285714285,2.0,3.857142857142857,14.571428571428571,37560.71428571428,22268.0,59828.71428571428,11207.0,4148.857142857143,15355.857142857143,12486.285714285714,17076.714285714286,22268.0,39344.71428571428,2426.5714285714284,5128.142857142857
2018-04-22,0.0,0.0,0.0,0.0,3.7142857142857144,0.0,12.428571428571429,16.142857142857142,43.857142857142854,37531.857142857145,22173.14285714286,59705.0,11257.857142857143,4157.285714285715,15415.142857142857,12430.714285714286,17006.428571428572,22173.14285714286,39179.57142857143,2416.285714285714,5110.285714285715
2018-04-29,0.14285714285714285,0.14285714285714285,2.4285714285714284,2.2857142857142856,9.714285714285714,0.2857142857142857,4.0,19.0,28.428571428571427,37490.0,22116.285714285714,59606.28571428572,11263.42857142857,4159.285714285715,15422.714285714286,12422.57142857143,16994.285714285714,22116.285714285714,39110.57142857143,2399.0,5073.0
2018-05-06,0.42857142857142855,0.42857142857142855,0.0,0.0,5.0,0.14285714285714285,2.142857142857143,7.285714285714286,29.428571428571427,37281.857142857145,22082.428571428572,59364.28571428572,11137.42857142857,4132.142857142857,15269.57142857143,12407.285714285714,16951.428571428572,22082.428571428572,39033.857142857145,2393.4285714285716,5060.857142857143
2018-05-13,0.42857142857142855,0.0,0.0,0.0,5.857142857142857,0.5714285714285714,0.42857142857142855,6.857142857142857,18.857142857142858,37258.857142857145,22010.428571428572,59269.28571428572,11152.714285714286,4160.285714285715,15313.0,12366.142857142857,16880.428571428572,22010.428571428572,38890.857142857145,2396.0,5065.428571428572
2018-05-20,0.14285714285714285,0.0,16.0,7.285714285714286,55.714285714285715,0.5714285714285714,11.285714285714286,91.28571428571429,127.85714285714286,37303.28571428572,22005.14285714286,59308.42857142857,11196.0,4166.571428571428,15362.57142857143,12373.285714285714,16871.714285714286,22005.14285714286,38876.857142857145,2397.4285714285716,5069.0
2018-05-27,7.571428571428571,7.571428571428571,9.142857142857142,509.85714285714283,349.7142857142857,0.0,11.714285714285714,880.5714285714286,940.1428571428571,37138.142857142855,21856.14285714286,58994.28571428572,11148.57142857143,4187.428571428572,15336.0,12295.285714285714,16735.0,21856.14285714286,38591.142857142855,2397.0,5067.142857142857
2018-06-03,0.0,0.0,0.0,0.0,1.7142857142857142,4.285714285714286,2.2857142857142856,8.285714285714286,20.142857142857142,37023.0,21798.0,58821.0,11131.0,4187.428571428572,15318.42857142857,12258.142857142857,16659.14285714286,21798.0,38457.142857142855,2386.285714285714,5045.428571428572
2018-06-10,0.5714285714285714,0.0,21.285714285714285,5.428571428571429,1.0,0.42857142857142855,2.2857142857142856,30.571428571428573,37.857142857142854,37010.142857142855,21772.85714285714,58783.0,11091.714285714286,4205.714285714285,15297.42857142857,12265.42857142857,16643.14285714286,21772.85714285714,38416.0,2397.714285714286,5069.571428571428
2018-06-17,0.7142857142857143,0.14285714285714285,53.57142857142857,7.714285714285714,5.571428571428571,3.7142857142857144,1.2857142857142858,72.14285714285714,92.28571428571429,37048.142857142855,21730.571428571428,58778.71428571428,11091.0,4204.571428571428,15295.57142857143,12284.42857142857,16653.14285714286,21730.571428571428,38383.71428571428,2412.5714285714284,5099.428571428572
2018-06-24,3.4285714285714284,0.2857142857142857,34.42857142857143,319.14285714285717,87.28571428571429,22.714285714285715,0.0,464.7142857142857,476.85714285714283,37067.71428571428,21677.714285714286,58745.42857142857,11160.42857142857,4219.428571428572,15379.857142857143,12258.857142857143,16616.428571428572,21677.714285714286,38294.142857142855,2399.1428571428573,5071.428571428572
2018-07-01,18.714285714285715,3.5714285714285716,452.42857142857144,459.85714285714283,354.85714285714283,54.142857142857146,8.142857142857142,1336.7142857142858,1352.857142857143,37081.857142857145,21727.571428571428,58809.42857142857,11121.57142857143,4197.428571428572,15319.0,12269.0,16638.14285714286,21727.571428571428,38365.71428571428,2422.714285714286,5124.714285714285
2018-07-08,6.142857142857143,5.571428571428571,56.857142857142854,9.142857142857142,4.571428571428571,1.7142857142857142,6.571428571428571,79.57142857142857,92.42857142857143,37097.57142857143,21894.571428571428,58992.142857142855,11028.0,4163.142857142857,15191.142857142857,12330.857142857143,16733.428571428572,21894.571428571428,38628.0,2441.1428571428573,5173.0
2018-07-15,0.2857142857142857,0.0,5.142857142857143,1.1428571428571428,5.0,0.0,0.7142857142857143,12.0,25.857142857142858,37127.71428571428,21849.285714285714,58977.0,11076.285714285714,4196.571428571428,15272.857142857143,12304.42857142857,16688.571428571428,21849.285714285714,38537.857142857145,2436.8571428571427,5166.285714285715
2018-07-22,1.4285714285714286,1.4285714285714286,0.0,0.0,0.0,0.0,7.0,7.0,12.142857142857142,37142.857142857145,21801.0,58943.857142857145,11114.42857142857,4210.714285714285,15325.142857142857,12320.285714285714,16685.285714285714,21801.0,38486.28571428572,2421.4285714285716,5132.428571428572
2018-07-29,0.14285714285714285,0.0,0.2857142857142857,0.0,1.2857142857142858,0.7142857142857143,0.0,2.2857142857142856,4.857142857142857,37216.28571428572,21757.714285714286,58974.0,11144.0,4257.285714285715,15401.285714285714,12308.285714285714,16660.714285714286,21757.714285714286,38418.42857142857,2429.4285714285716,5154.285714285715
2018-08-05,0.0,0.0,0.0,0.0,0.14285714285714285,0.0,0.0,0.14285714285714285,0.14285714285714285,37170.0,21758.714285714286,58928.71428571428,11071.142857142857,4265.857142857143,15337.0,12327.142857142857,16668.85714285714,21758.714285714286,38427.57142857143,2432.8571428571427,5164.142857142857
2018-08-12,0.0,0.0,0.0,0.0,0.5714285714285714,0.0,2.5714285714285716,3.142857142857143,9.714285714285714,37367.28571428572,21855.428571428572,59222.71428571428,11118.285714285714,4284.0,15402.285714285714,12386.714285714286,16750.571428571428,21855.428571428572,38606.0,2454.1428571428573,5214.428571428572
2018-08-19,0.0,0.0,0.0,0.0,1.4285714285714286,0.0,1.7142857142857142,3.142857142857143,12.142857142857142,37506.28571428572,21920.85714285714,59427.142857142855,11172.57142857143,4314.571428571428,15487.142857142857,12421.857142857143,16781.85714285714,21920.85714285714,38702.71428571428,2466.8571428571427,5237.285714285715
2018-08-26,0.14285714285714285,0.0,0.0,0.14285714285714285,0.42857142857142855,0.0,4.0,4.571428571428571,13.714285714285714,37653.857142857145,22048.0,59701.857142857145,11199.57142857143,4336.857142857143,15536.42857142857,12500.0,16859.714285714286,22048.0,38907.71428571428,2476.0,5257.714285714285
2018-09-02,0.0,0.0,0.0,0.0,0.42857142857142855,0.0,3.7142857142857144,4.142857142857143,12.142857142857142,37620.42857142857,22116.428571428572,59736.857142857145,11137.0,4320.571428571428,15457.57142857143,12545.42857142857,16900.285714285714,22116.428571428572,39016.71428571428,2476.8571428571427,5262.571428571428
2018-09-09,0.0,0.0,0.0,0.0,0.14285714285714285,0.0,3.857142857142857,4.0,15.428571428571429,37682.57142857143,22162.0,59844.57142857143,11202.142857142857,4313.857142857143,15516.0,12551.42857142857,16897.285714285714,22162.0,39059.28571428572,2479.285714285714,5269.285714285715
2018-09-16,0.0,0.0,0.0,0.0,0.14285714285714285,0.14285714285714285,3.5714285714285716,3.857142857142857,14.857142857142858,37911.42857142857,22279.0,60190.42857142857,11261.42857142857,4372.857142857143,15634.285714285714,12613.285714285714,16980.285714285714,22279.0,39259.28571428572,2490.5714285714284,5296.857142857143
2018-09-23,0.14285714285714285,0.0,0.0,0.0,9.714285714285714,0.0,2.5714285714285716,12.285714285714286,20.0,38057.71428571428,22452.0,60509.71428571428,11299.857142857143,4390.428571428572,15690.285714285714,12701.714285714286,17070.14285714286,22452.0,39522.142857142855,2492.0,5297.285714285715
2018-09-30,1.0,0.5714285714285714,0.14285714285714285,55.42857142857143,16.142857142857142,1.1428571428571428,1.0,74.0,75.0,38089.57142857143,22506.285714285714,60595.857142857145,11294.142857142857,4400.428571428572,15694.57142857143,12724.142857142857,17093.85714285714,22506.285714285714,39600.142857142855,2496.8571428571427,5301.142857142857
2018-10-07,0.14285714285714285,0.0,0.0,0.0,0.5714285714285714,0.14285714285714285,0.42857142857142855,1.1428571428571428,1.7142857142857142,38085.142857142855,22521.571428571428,60606.71428571428,11285.714285714286,4369.142857142857,15654.857142857143,12725.0,17099.285714285714,22521.571428571428,39620.857142857145,2510.714285714286,5331.0
2018-10-14,0.0,0.0,0.0,0.0,1.2857142857142858,0.0,7.285714285714286,8.571428571428571,31.142857142857142,38240.666666666664,22604.833333333332,60845.5,11342.333333333334,4391.166666666667,15733.5,12776.0,17155.166666666668,22604.833333333332,39760.0,2521.5,5352.0
2018-10-21,0.14285714285714285,0.0,12.571428571428571,0.0,7.428571428571429,0.0,3.142857142857143,23.285714285714285,29.571428571428573,38291.28571428572,22635.14285714286,60926.42857142857,11364.857142857143,4412.714285714285,15777.57142857143,12786.857142857143,17152.714285714286,22635.14285714286,39787.857142857145,2526.1428571428573,5361.0
2018-10-28,1.0,0.7142857142857143,13.285714285714286,6.0,30.285714285714285,2.2857142857142856,6.428571428571429,58.857142857142854,139.42857142857142,38356.857142857145,22550.428571428572,60907.28571428572,11474.57142857143,4432.714285714285,15907.285714285714,12758.0,17084.85714285714,22550.428571428572,39635.28571428572,2532.0,5364.714285714285
2018-11-04,0.0,0.0,16.142857142857142,4.0,19.714285714285715,0.0,14.571428571428571,54.57142857142857,93.14285714285714,38309.0,22518.285714285714,60827.28571428572,11463.714285714286,4405.714285714285,15869.42857142857,12744.0,17054.571428571428,22518.285714285714,39572.857142857145,2544.1428571428573,5385.0
2018-11-11,0.0,0.0,0.0,0.0,0.2857142857142857,0.0,1.4285714285714286,1.7142857142857142,5.857142857142857,38408.28571428572,22542.0,60950.28571428572,11548.42857142857,4415.714285714285,15964.142857142857,12759.142857142857,17054.285714285714,22542.0,39596.28571428572,2543.5714285714284,5389.857142857143
2018-11-18,0.14285714285714285,0.0,0.14285714285714285,0.2857142857142857,3.5714285714285716,0.0,1.1428571428571428,5.142857142857143,10.571428571428571,38501.57142857143,22583.571428571428,61085.142857142855,11603.42857142857,4442.285714285715,16045.714285714286,12773.285714285714,17054.14285714286,22583.571428571428,39637.71428571428,2548.4285714285716,5401.714285714285
2018-11-25,0.8571428571428571,0.0,0.42857142857142855,6.142857142857143,8.428571428571429,0.0,0.8571428571428571,16.142857142857142,37.285714285714285,38407.71428571428,22533.285714285714,60941.0,11593.857142857143,4429.571428571428,16023.42857142857,12749.42857142857,17014.85714285714,22533.285714285714,39548.142857142855,2535.0,5369.428571428572
2018-12-02,1.1428571428571428,0.0,0.0,155.85714285714286,234.0,0.0,2.142857142857143,393.0,408.0,38384.71428571428,22477.0,60861.71428571428,11626.857142857143,4446.285714285715,16073.142857142857,12717.42857142857,16975.428571428572,22477.0,39452.42857142857,2520.285714285714,5336.142857142857
2018-12-09,0.7142857142857143,0.0,49.0,17.571428571428573,9.0,0.42857142857142855,0.0,76.14285714285714,126.28571428571429,38498.857142857145,22477.85714285714,60976.71428571428,11681.0,4452.142857142857,16133.142857142857,12748.857142857143,17030.0,22477.85714285714,39507.857142857145,2521.5714285714284,5335.714285714285
2018-12-16,0.8571428571428571,0.0,2.142857142857143,1.1428571428571428,19.857142857142858,6.857142857142857,2.2857142857142856,32.714285714285715,37.57142857142857,38559.42857142857,22470.571428571428,61030.0,11682.57142857143,4459.142857142857,16141.714285714286,12745.285714285714,17043.571428571428,22470.571428571428,39514.142857142855,2539.0,5374.142857142857
2018-12-23,3.7142857142857144,1.7142857142857142,64.28571428571429,51.0,98.0,15.571428571428571,27.142857142857142,258.0,264.14285714285717,38492.142857142855,22373.714285714286,60865.857142857145,11709.714285714286,4443.0,16152.714285714286,12679.0,16956.714285714286,22373.714285714286,39330.42857142857,2544.1428571428573,5382.714285714285
2018-12-30,1.1428571428571428,0.14285714285714285,56.714285714285715,298.0,29.285714285714285,31.142857142857142,65.14285714285714,481.42857142857144,559.1428571428571,38282.857142857145,22243.85714285714,60526.71428571428,11659.57142857143,4401.571428571428,16061.142857142857,12596.0,16850.428571428572,22243.85714285714,39094.28571428572,2540.5714285714284,5371.285714285715
2019-01-06,0.14285714285714285,0.0,18.428571428571427,16.428571428571427,26.571428571428573,0.0,13.285714285714286,75.28571428571429,91.42857142857143,38346.57142857143,22332.285714285714,60678.857142857145,11707.857142857143,4398.285714285715,16106.142857142857,12627.714285714286,16891.0,22332.285714285714,39223.28571428572,2531.5714285714284,5349.428571428572
2019-01-13,0.0,0.0,0.0,0.0,0.14285714285714285,0.0,0.0,0.14285714285714285,0.14285714285714285,38690.28571428572,22495.285714285714,61185.57142857143,11834.285714285714,4464.142857142857,16298.42857142857,12713.857142857143,16993.14285714286,22495.285714285714,39488.42857142857,2553.1428571428573,5398.714285714285
2019-01-20,0.14285714285714285,0.0,0.0,0.0,0.42857142857142855,3.142857142857143,7.0,10.571428571428571,27.714285714285715,38771.142857142855,22458.428571428572,61229.57142857143,11873.42857142857,4502.285714285715,16375.714285714286,12692.285714285714,16962.428571428572,22458.428571428572,39420.857142857145,2570.285714285714,5433.0
2019-01-27,0.2857142857142857,0.0,1.4285714285714286,0.14285714285714285,3.4285714285714284,0.0,0.42857142857142855,5.428571428571429,16.428571428571427,38779.42857142857,22428.428571428572,61207.857142857145,11957.714285714286,4487.571428571428,16445.285714285714,12658.0,16933.285714285714,22428.428571428572,39361.71428571428,2554.8571428571427,5400.857142857143
2019-02-03,0.0,0.0,7.142857142857143,7.142857142857143,21.571428571428573,0.0,0.8571428571428571,36.857142857142854,61.714285714285715,38739.71428571428,22385.428571428572,61125.142857142855,11983.714285714286,4477.857142857143,16461.571428571428,12634.857142857143,16894.85714285714,22385.428571428572,39280.28571428572,2547.5714285714284,5383.285714285715
2019-02-10,0.14285714285714285,0.0,0.14285714285714285,0.14285714285714285,0.5714285714285714,0.0,4.428571428571429,5.285714285714286,17.714285714285715,38680.71428571428,22319.571428571428,61000.28571428572,11999.57142857143,4475.714285714285,16475.285714285714,12577.57142857143,16830.571428571428,22319.571428571428,39150.142857142855,2544.714285714286,5374.857142857143
2019-02-17,0.14285714285714285,0.0,20.714285714285715,0.5714285714285714,0.2857142857142857,0.0,2.0,23.714285714285715,27.714285714285715,38665.142857142855,22208.14285714286,60873.28571428572,12035.714285714286,4473.714285714285,16509.428571428572,12541.0,16780.285714285714,22208.14285714286,38988.42857142857,2546.285714285714,5375.428571428572
2019-02-24,0.0,0.0,0.0,0.0,0.14285714285714285,0.0,0.0,0.14285714285714285,0.14285714285714285,38615.142857142855,22066.14285714286,60681.28571428572,12091.714285714286,4483.142857142857,16574.85714285714,12468.57142857143,16687.714285714286,22066.14285714286,38753.857142857145,2536.4285714285716,5352.571428571428
2019-03-03,0.5714285714285714,0.5714285714285714,0.0,0.0,0.0,4.571428571428571,0.8571428571428571,5.428571428571429,7.142857142857143,38534.42857142857,22001.714285714286,60536.142857142855,12057.142857142857,4456.285714285715,16513.428571428572,12459.57142857143,16677.14285714286,22001.714285714286,38678.857142857145,2528.285714285714,5343.857142857143
2019-03-10,0.0,0.0,0.0,0.0,0.0,0.0,5.571428571428571,5.571428571428571,16.857142857142858,38513.71428571428,21988.14285714286,60501.857142857145,12033.142857142857,4449.285714285715,16482.428571428572,12469.857142857143,16696.0,21988.14285714286,38684.142857142855,2523.5714285714284,5335.285714285715
2019-03-17,0.0,0.0,0.0,0.0,0.8571428571428571,0.0,1.5714285714285714,2.4285714285714284,8.857142857142858,38434.142857142855,21947.0,60381.142857142855,12024.42857142857,4428.714285714285,16453.14285714286,12463.714285714286,16683.0,21947.0,38630.0,2509.4285714285716,5298.0
2019-03-24,0.0,0.0,0.0,0.0,0.0,0.0,1.7142857142857142,1.7142857142857142,5.285714285714286,38372.28571428572,21845.285714285714,60217.57142857143,12069.57142857143,4434.142857142857,16503.714285714286,12397.42857142857,16576.0,21845.285714285714,38421.28571428572,2511.8571428571427,5292.571428571428
2019-03-31,0.5714285714285714,0.14285714285714285,62.57142857142857,4.285714285714286,29.428571428571427,9.857142857142858,2.2857142857142856,109.14285714285714,128.28571428571428,38281.71428571428,21767.428571428572,60049.142857142855,12063.714285714286,4436.428571428572,16500.14285714286,12359.57142857143,16495.85714285714,21767.428571428572,38263.28571428572,2507.1428571428573,5285.714285714285
2019-04-07,0.2857142857142857,0.2857142857142857,0.14285714285714285,0.5714285714285714,3.7142857142857144,3.142857142857143,0.8571428571428571,8.571428571428571,10.285714285714286,38164.42857142857,21725.428571428572,59889.857142857145,12007.57142857143,4407.571428571428,16415.14285714286,12357.42857142857,16487.285714285714,21725.428571428572,38212.71428571428,2493.285714285714,5262.0
2019-04-14,0.14285714285714285,0.0,0.8571428571428571,5.857142857142857,0.2857142857142857,0.0,1.7142857142857142,8.857142857142858,13.142857142857142,37741.71428571428,21164.14285714286,58905.857142857145,12006.57142857143,4417.285714285715,16423.85714285714,12060.285714285714,16083.57142857143,21164.14285714286,37247.71428571428,2484.1428571428573,5234.285714285715
2019-04-21,0.0,0.0,12.0,6.857142857142857,15.857142857142858,0.0,1.7142857142857142,36.714285714285715,44.285714285714285,37691.42857142857,20960.714285714286,58652.142857142855,12076.285714285714,4437.571428571428,16513.85714285714,11940.142857142857,15928.42857142857,20960.714285714286,36889.142857142855,2490.285714285714,5249.142857142857
2019-04-28,0.0,0.0,10.285714285714286,16.428571428571427,29.0,11.285714285714286,3.0,70.28571428571429,128.71428571428572,37738.42857142857,20916.714285714286,58655.142857142855,12101.0,4433.857142857143,16534.85714285714,11921.714285714286,15916.857142857143,20916.714285714286,36833.57142857143,2507.8571428571427,5286.714285714285
2019-05-05,0.2857142857142857,0.14285714285714285,6.857142857142857,3.5714285714285716,20.714285714285715,6.428571428571429,3.2857142857142856,41.0,48.142857142857146,37664.0,20883.14285714286,58547.142857142855,12042.57142857143,4407.571428571428,16450.14285714286,11925.42857142857,15916.0,20883.14285714286,36799.142857142855,2511.5714285714284,5297.857142857143
2019-05-12,1.2857142857142858,1.2857142857142858,20.142857142857142,39.857142857142854,35.57142857142857,0.0,2.7142857142857144,99.0,107.28571428571429,37659.57142857143,20910.285714285714,58569.857142857145,12043.285714285714,4374.714285714285,16418.0,11946.285714285714,15928.42857142857,20910.285714285714,36838.71428571428,2518.714285714286,5313.142857142857
2019-05-19,1.7142857142857142,0.0,2.4285714285714284,49.285714285714285,39.285714285714285,0.42857142857142855,2.857142857142857,94.42857142857143,103.42857142857143,37541.5,20879.5,58421.0,11984.0,4348.833333333333,16332.833333333334,11915.166666666666,15890.333333333334,20879.5,36769.833333333336,2520.5,5318.333333333333
2019-05-26,0.2857142857142857,0.0,0.7142857142857143,6.0,6.0,1.0,3.142857142857143,17.0,23.428571428571427,37340.142857142855,20788.714285714286,58128.857142857145,11905.142857142857,4313.428571428572,16218.57142857143,11860.142857142857,15819.142857142857,20788.714285714286,36607.857142857145,2511.0,5302.428571428572
2019-06-02,0.7142857142857143,0.0,0.14285714285714285,0.0,15.142857142857142,0.7142857142857143,1.0,17.142857142857142,51.42857142857143,37233.857142857145,20711.714285714286,57945.57142857143,11827.285714285714,4307.0,16134.285714285714,11802.0,15767.857142857143,20711.714285714286,36479.57142857143,2523.714285714286,5331.714285714285
2019-06-09,0.8571428571428571,0.0,0.0,0.0,7.142857142857143,0.8571428571428571,17.142857142857142,25.142857142857142,86.71428571428571,37284.71428571428,20724.714285714286,58009.42857142857,11850.285714285714,4332.571428571428,16182.857142857143,11798.714285714286,15776.142857142857,20724.714285714286,36500.857142857145,2519.714285714286,5325.714285714285
2019-06-16,5.857142857142857,4.428571428571429,6.285714285714286,46.0,64.14285714285714,31.428571428571427,14.571428571428571,164.42857142857142,276.57142857142856,37296.0,20775.571428571428,58071.57142857143,11820.42857142857,4348.285714285715,16168.714285714286,11805.285714285714,15789.285714285714,20775.571428571428,36564.857142857145,2523.5714285714284,5338.0
2019-06-23,17.571428571428573,13.714285714285714,12.285714285714286,45.57142857142857,63.57142857142857,5.428571428571429,3.2857142857142856,131.14285714285714,138.57142857142858,37332.71428571428,20799.0,58131.71428571428,11828.142857142857,4362.857142857143,16191.0,11807.857142857143,15797.857142857143,20799.0,36596.857142857145,2524.5714285714284,5343.857142857143
2019-06-30,20.0,2.7142857142857144,303.2857142857143,357.85714285714283,250.85714285714286,68.57142857142857,11.714285714285714,997.8571428571429,1018.7142857142857,37270.71428571428,20750.85714285714,58021.57142857143,11794.285714285714,4362.142857142857,16156.42857142857,11797.42857142857,15801.42857142857,20750.85714285714,36552.28571428572,2509.4285714285716,5312.857142857143
2019-07-07,0.14285714285714285,0.0,0.0,0.0,0.0,2.857142857142857,3.5714285714285716,6.428571428571429,13.714285714285714,37125.0,20825.14285714286,57950.142857142855,11676.714285714286,4295.857142857143,15972.57142857143,11833.0,15834.0,20825.14285714286,36659.142857142855,2516.0,5318.428571428572
2019-07-14,0.0,0.0,0.0,0.0,0.14285714285714285,0.0,4.714285714285714,4.857142857142857,14.857142857142858,37318.28571428572,20902.85714285714,58221.142857142855,11771.714285714286,4349.142857142857,16120.857142857143,11869.0,15891.714285714286,20902.85714285714,36794.57142857143,2510.714285714286,5305.714285714285
2019-07-21,0.0,0.0,0.0,0.0,0.2857142857142857,0.0,3.2857142857142856,3.5714285714285716,9.714285714285714,37255.42857142857,20850.85714285714,58106.28571428572,11775.714285714286,4351.714285714285,16127.42857142857,11844.0,15854.42857142857,20850.85714285714,36705.28571428572,2494.0,5273.571428571428
2019-07-28,1.4285714285714286,1.2857142857142858,30.857142857142858,9.0,5.571428571428571,2.0,1.5714285714285714,49.857142857142854,52.857142857142854,37283.0,20933.571428571428,58216.57142857143,11766.42857142857,4373.714285714285,16140.142857142857,11874.0,15884.142857142857,20933.571428571428,36817.71428571428,2488.285714285714,5258.714285714285
2019-08-04,0.2857142857142857,0.0,0.2857142857142857,8.0,3.5714285714285716,0.0,4.285714285714286,16.142857142857142,24.714285714285715,37349.0,21051.714285714286,58400.71428571428,11776.285714285714,4368.142857142857,16144.42857142857,11915.142857142857,15940.142857142857,21051.714285714286,36991.857142857145,2493.8571428571427,5264.428571428572
2019-08-11,0.0,0.0,0.0,0.0,0.5714285714285714,0.0,0.8571428571428571,1.4285714285714286,4.857142857142857,37470.57142857143,21180.285714285714,58650.857142857145,11789.714285714286,4369.857142857143,16159.57142857143,11997.714285714286,16053.857142857143,21180.285714285714,37234.142857142855,2492.1428571428573,5257.142857142857
2019-08-18,0.14285714285714285,0.0,11.285714285714286,0.2857142857142857,0.0,0.0,4.857142857142857,16.571428571428573,26.714285714285715,37657.0,21313.14285714286,58970.142857142855,11839.285714285714,4385.0,16224.285714285714,12075.142857142857,16157.142857142857,21313.14285714286,37470.28571428572,2498.4285714285716,5275.571428571428
2019-08-25,0.2857142857142857,0.14285714285714285,0.0,3.0,5.142857142857143,0.0,1.2857142857142858,9.571428571428571,13.428571428571429,37661.28571428572,21302.714285714286,58964.0,11832.714285714286,4412.571428571428,16245.285714285714,12069.285714285714,16131.42857142857,21302.714285714286,37434.142857142855,2502.0,5284.571428571428
2019-09-01,0.42857142857142855,0.14285714285714285,5.714285714285714,1.7142857142857142,7.285714285714286,0.5714285714285714,3.0,18.714285714285715,28.142857142857142,37671.57142857143,21311.571428571428,58983.142857142855,11811.57142857143,4446.285714285715,16257.857142857143,12068.714285714286,16123.42857142857,21311.571428571428,37435.0,2504.0,5290.285714285715
2019-09-08,0.8571428571428571,0.0,1.5714285714285714,5.142857142857143,5.714285714285714,0.14285714285714285,2.142857142857143,15.142857142857142,20.142857142857142,37806.28571428572,21436.428571428572,59242.71428571428,11821.142857142857,4456.571428571428,16277.714285714286,12141.142857142857,16225.714285714286,21436.428571428572,37662.142857142855,2508.714285714286,5302.857142857143
2019-09-15,0.14285714285714285,0.0,0.14285714285714285,0.0,0.0,0.0,0.7142857142857143,0.8571428571428571,2.2857142857142856,38025.57142857143,21583.85714285714,59609.42857142857,11877.57142857143,4505.0,16382.57142857143,12223.714285714286,16330.714285714286,21583.85714285714,37914.57142857143,2513.285714285714,5312.285714285715
2019-09-22,0.14285714285714285,0.0,0.0,0.0,0.2857142857142857,0.0,0.8571428571428571,1.1428571428571428,2.5714285714285716,38036.71428571428,21610.285714285714,59647.0,11883.42857142857,4542.142857142857,16425.571428571428,12212.142857142857,16322.57142857143,21610.285714285714,37932.857142857145,2501.8571428571427,5288.571428571428
2019-09-29,0.2857142857142857,0.0,3.857142857142857,1.4285714285714286,14.142857142857142,0.14285714285714285,39.714285714285715,59.42857142857143,59.714285714285715,38099.142857142855,21613.571428571428,59712.71428571428,11906.285714285714,4550.571428571428,16456.85714285714,12217.714285714286,16346.857142857143,21613.571428571428,37960.42857142857,2502.8571428571427,5295.428571428572
2019-10-06,1.0,0.0,0.0,0.0,15.0,0.0,27.0,42.0,130.0,38094.0,21601.0,59695.0,11914.0,4543.0,16457.0,12219.0,16346.0,21601.0,37947.0,2501.0,5291.0
